invoice_no,customer_id,invoice_date,quantity,unit_price,description,country,total_price
INV-100000,CUST-00001,2025-05-08,4.0,41.77,Office Chair Mat,Canada,167.08
INV-100001,CUST-00001,2025-10-02,2.0,62.22,Ceramic Mug,France,124.44
INV-100002,CUST-00002,2025-01-16,1.0,26.66,Notebook Set,Canada,26.66
INV-100004,CUST-00002,2025-01-29,1.0,112.1,Premium Gift Box,United Kingdom,112.1
INV-100007,CUST-00002,2025-03-04,1.0,79.11,Premium Gift Box,Germany,79.11
INV-100008,CUST-00002,2025-03-14,3.0,51.8,Reusable Bottle,Canada,155.39999999999998
INV-100009,CUST-00002,2025-04-08,6.0,105.11,Premium Gift Box,United Kingdom,630.66
INV-100014,CUST-00002,2025-04-25,1.0,104.36,Office Chair Mat,France,104.36
INV-100011,CUST-00002,2025-05-12,4.0,61.63,Desk Lamp,United Kingdom,246.52
INV-100006,CUST-00002,2025-06-18,1.0,25.54,Ceramic Mug,United Kingdom,25.54
INV-100010,CUST-00002,2025-07-05,2.0,43.67,Ceramic Mug,United States,87.34
INV-100003,CUST-00002,2025-08-23,1.0,102.47,Desk Lamp,United States,102.47
INV-100005,CUST-00002,2025-11-05,2.0,35.36,Notebook Set,United Kingdom,70.72
INV-100013,CUST-00002,2025-11-28,6.0,25.2,Notebook Set,France,151.2
INV-100012,CUST-00002,2025-12-29,3.0,72.38,Reusable Bottle,United Kingdom,217.14
INV-100015,CUST-00003,2025-01-09,1.0,40.08,Office Chair Mat,Germany,40.08
INV-100018,CUST-00004,2025-03-21,2.0,54.77,Ceramic Mug,United States,109.54
INV-100016,CUST-00004,2025-05-21,4.0,19.42,Office Chair Mat,Canada,77.68
INV-100020,CUST-00004,2025-05-26,1.0,35.73,Premium Gift Box,United States,35.73
INV-100017,CUST-00004,2025-09-05,3.0,70.03,Office Chair Mat,Canada,210.09
INV-100019,CUST-00004,2025-12-09,1.0,43.45,Ceramic Mug,Canada,43.45
INV-100029,CUST-00005,2025-01-25,7.0,174.45,Ceramic Mug,United Kingdom,1221.1499999999999
INV-100036,CUST-00005,2025-01-27,7.0,60.81,Wireless Headphones,Germany,425.67
INV-100039,CUST-00005,2025-02-07,7.0,81.52,Office Chair Mat,Germany,570.64
INV-100027,CUST-00005,2025-02-21,8.0,127.94,Ceramic Mug,Germany,1023.52
INV-100024,CUST-00005,2025-02-26,5.0,153.59,Smart Speaker,Canada,767.95
INV-100030,CUST-00005,2025-03-15,4.0,150.65,Premium Gift Box,France,602.6
INV-100035,CUST-00005,2025-03-16,5.0,125.95,Notebook Set,United Kingdom,629.75
INV-100031,CUST-00005,2025-03-17,8.0,79.21,Reusable Bottle,Germany,633.68
INV-100038,CUST-00005,2025-03-25,3.0,90.04,Smart Speaker,Germany,270.12
INV-100026,CUST-00005,2025-04-08,2.0,138.8,Ceramic Mug,Canada,277.6
INV-100032,CUST-00005,2025-05-31,2.0,128.18,Wireless Headphones,United Kingdom,256.36
INV-100025,CUST-00005,2025-06-21,7.0,83.9,Smart Speaker,United Kingdom,587.3000000000001
INV-100023,CUST-00005,2025-07-09,7.0,117.28,Desk Lamp,France,820.96
INV-100034,CUST-00005,2025-07-15,6.0,148.13,Premium Gift Box,France,888.78
INV-100021,CUST-00005,2025-09-03,5.0,137.58,Notebook Set,United States,687.9000000000001
INV-100022,CUST-00005,2025-09-14,7.0,168.71,Reusable Bottle,France,1180.97
INV-100033,CUST-00005,2025-10-30,2.0,122.28,Premium Gift Box,Canada,244.56
INV-100028,CUST-00005,2025-11-27,6.0,56.41,Smart Speaker,Canada,338.46
INV-100037,CUST-00005,2025-11-30,5.0,101.51,Smart Speaker,France,507.55
INV-100040,CUST-00006,2025-06-21,1.0,12.09,Reusable Bottle,United Kingdom,12.09
INV-100041,CUST-00006,2025-11-30,3.0,24.71,Smart Speaker,United States,74.13
INV-100043,CUST-00007,2025-03-22,3.0,36.35,Notebook Set,Germany,109.05000000000001
INV-100042,CUST-00007,2025-04-10,1.0,75.53,Premium Gift Box,United States,75.53
INV-100048,CUST-00008,2025-01-13,2.0,40.96,Wireless Headphones,United States,81.92
INV-100049,CUST-00008,2025-06-27,4.0,64.69,Premium Gift Box,United Kingdom,258.76
INV-100046,CUST-00008,2025-07-10,3.0,58.03,Premium Gift Box,United Kingdom,174.09
INV-100050,CUST-00008,2025-08-11,4.0,71.54,Smart Speaker,United States,286.16
INV-100045,CUST-00008,2025-09-24,4.0,54.6,Wireless Headphones,United Kingdom,218.4
INV-100047,CUST-00008,2025-11-27,2.0,67.78,Notebook Set,United States,135.56
INV-100044,CUST-00008,2025-12-30,3.0,76.58,Notebook Set,United Kingdom,229.74
INV-100064,CUST-00009,2025-01-09,7.0,52.36,Premium Gift Box,United Kingdom,366.52
INV-100055,CUST-00009,2025-02-03,4.0,49.88,Smart Speaker,United Kingdom,199.52
INV-100053,CUST-00009,2025-02-08,8.0,77.51,Wireless Headphones,Canada,620.08
INV-100062,CUST-00009,2025-02-25,5.0,144.17,Ceramic Mug,United Kingdom,720.8499999999999
INV-100051,CUST-00009,2025-03-02,2.0,179.88,Wireless Headphones,United Kingdom,359.76
INV-100057,CUST-00009,2025-03-15,8.0,159.67,Ceramic Mug,United States,1277.36
INV-100068,CUST-00009,2025-03-21,3.0,122.28,Smart Speaker,Canada,366.84000000000003
INV-100059,CUST-00009,2025-03-25,7.0,158.13,Smart Speaker,Canada,1106.9099999999999
INV-100066,CUST-00009,2025-04-17,4.0,57.38,Ceramic Mug,Germany,229.52
INV-100052,CUST-00009,2025-05-03,2.0,57.21,Smart Speaker,Germany,114.42
INV-100065,CUST-00009,2025-05-21,2.0,164.36,Wireless Headphones,Canada,328.72
INV-100070,CUST-00009,2025-06-04,5.0,132.65,Smart Speaker,Canada,663.25
INV-100061,CUST-00009,2025-07-01,5.0,130.05,Smart Speaker,United Kingdom,650.25
INV-100063,CUST-00009,2025-10-22,2.0,140.84,Desk Lamp,Canada,281.68
INV-100067,CUST-00009,2025-10-26,4.0,106.91,Reusable Bottle,Canada,427.64
INV-100054,CUST-00009,2025-11-09,7.0,71.76,Office Chair Mat,United Kingdom,502.32000000000005
INV-100069,CUST-00009,2025-11-09,3.0,85.68,Reusable Bottle,Canada,257.04
INV-100058,CUST-00009,2025-12-11,6.0,170.25,Office Chair Mat,United Kingdom,1021.5
INV-100060,CUST-00009,2025-12-17,5.0,61.86,Ceramic Mug,Germany,309.3
INV-100056,CUST-00009,2025-12-30,3.0,126.8,Wireless Headphones,France,380.4
INV-100073,CUST-00010,2025-01-20,2.0,50.47,Premium Gift Box,Canada,100.94
INV-100072,CUST-00010,2025-02-02,3.0,31.92,Reusable Bottle,United Kingdom,95.76
INV-100074,CUST-00010,2025-03-21,4.0,83.46,Reusable Bottle,Canada,333.84
INV-100083,CUST-00010,2025-04-09,4.0,99.99,Ceramic Mug,United States,399.96
INV-100076,CUST-00010,2025-05-27,2.0,23.61,Desk Lamp,Canada,47.22
INV-100079,CUST-00010,2025-06-01,4.0,51.62,Ceramic Mug,Germany,206.48
INV-100082,CUST-00010,2025-06-11,6.0,112.11,Office Chair Mat,Canada,672.66
INV-100081,CUST-00010,2025-06-23,3.0,71.27,Office Chair Mat,Germany,213.81
INV-100084,CUST-00010,2025-06-25,6.0,69.41,Wireless Headphones,United Kingdom,416.46
INV-100077,CUST-00010,2025-07-11,3.0,42.56,Wireless Headphones,Canada,127.68
INV-100078,CUST-00010,2025-08-26,4.0,90.2,Premium Gift Box,Germany,360.8
INV-100080,CUST-00010,2025-08-29,4.0,63.14,Premium Gift Box,Germany,252.56
INV-100071,CUST-00010,2025-11-04,1.0,70.84,Smart Speaker,Canada,70.84
INV-100075,CUST-00010,2025-11-06,3.0,41.76,Reusable Bottle,Canada,125.28
INV-100088,CUST-00011,2025-03-05,5.0,57.23,Office Chair Mat,Germany,286.15
INV-100087,CUST-00011,2025-09-08,1.0,21.47,Smart Speaker,Canada,21.47
INV-100086,CUST-00011,2025-09-20,4.0,37.3,Desk Lamp,Germany,149.2
INV-100089,CUST-00011,2025-11-06,2.0,31.97,Premium Gift Box,Canada,63.94
INV-100085,CUST-00011,2025-12-05,6.0,25.56,Office Chair Mat,United Kingdom,153.35999999999999
INV-100090,CUST-00012,2025-07-02,3.0,49.8,Notebook Set,Germany,149.39999999999998
INV-100091,CUST-00012,2025-07-30,1.0,35.94,Ceramic Mug,Germany,35.94
INV-100095,CUST-00013,2025-06-12,1.0,79.32,Office Chair Mat,Germany,79.32
INV-100092,CUST-00013,2025-08-12,4.0,10.75,Smart Speaker,Germany,43.0
INV-100093,CUST-00013,2025-10-16,4.0,21.46,Premium Gift Box,Germany,85.84
INV-100094,CUST-00013,2025-11-01,2.0,79.24,Office Chair Mat,France,158.48
INV-100096,CUST-00013,2025-11-10,3.0,37.48,Notebook Set,United States,112.44
INV-100097,CUST-00013,2025-12-02,4.0,40.36,Office Chair Mat,Canada,161.44
INV-100099,CUST-00014,2025-01-23,1.0,26.3,Ceramic Mug,United States,26.3
INV-100098,CUST-00014,2025-01-31,1.0,22.66,Ceramic Mug,France,22.66
INV-100100,CUST-00014,2025-10-22,2.0,51.05,Smart Speaker,Canada,102.1
INV-100101,CUST-00014,2025-12-26,1.0,27.06,Office Chair Mat,France,27.06
INV-100111,CUST-00015,2025-01-28,5.0,50.75,Notebook Set,United Kingdom,253.75
INV-100109,CUST-00015,2025-02-01,4.0,37.75,Smart Speaker,United Kingdom,151.0
INV-100107,CUST-00015,2025-02-25,3.0,69.88,Desk Lamp,France,209.64
INV-100103,CUST-00015,2025-03-29,4.0,56.66,Wireless Headphones,Germany,226.64
INV-100113,CUST-00015,2025-04-20,4.0,118.18,Smart Speaker,France,472.72
INV-100102,CUST-00015,2025-05-13,4.0,87.02,Smart Speaker,Germany,348.08
INV-100114,CUST-00015,2025-05-20,6.0,96.14,Notebook Set,Germany,576.84
INV-100112,CUST-00015,2025-05-28,4.0,47.8,Wireless Headphones,United Kingdom,191.2
INV-100104,CUST-00015,2025-06-18,6.0,104.45,Desk Lamp,United States,626.7
INV-100108,CUST-00015,2025-06-21,4.0,59.86,Wireless Headphones,France,239.44
INV-100106,CUST-00015,2025-07-01,3.0,78.71,Reusable Bottle,United Kingdom,236.13
INV-100105,CUST-00015,2025-07-09,4.0,105.2,Office Chair Mat,United States,420.8
INV-100110,CUST-00015,2025-08-30,2.0,22.48,Ceramic Mug,Germany,44.96
INV-100121,CUST-00016,2025-01-15,3.0,118.55,Office Chair Mat,Canada,355.65
INV-100126,CUST-00016,2025-01-26,5.0,91.33,Smart Speaker,Germany,456.65
INV-100119,CUST-00016,2025-03-07,5.0,95.0,Smart Speaker,United States,475.0
INV-100117,CUST-00016,2025-03-12,3.0,75.31,Reusable Bottle,Germany,225.93
INV-100123,CUST-00016,2025-05-09,1.0,75.55,Premium Gift Box,France,75.55
INV-100115,CUST-00016,2025-06-27,5.0,116.32,Premium Gift Box,Germany,581.5999999999999
INV-100116,CUST-00016,2025-07-17,6.0,31.41,Premium Gift Box,Germany,188.46
INV-100118,CUST-00016,2025-08-02,6.0,118.46,Ceramic Mug,United States,710.76
INV-100128,CUST-00016,2025-08-15,1.0,43.45,Wireless Headphones,Germany,43.45
INV-100122,CUST-00016,2025-09-04,6.0,61.16,Wireless Headphones,Germany,366.96
INV-100124,CUST-00016,2025-09-26,6.0,102.26,Ceramic Mug,United Kingdom,613.5600000000001
INV-100125,CUST-00016,2025-12-11,3.0,24.87,Desk Lamp,United Kingdom,74.61
INV-100127,CUST-00016,2025-12-29,6.0,93.94,Notebook Set,France,563.64
INV-100120,CUST-00016,2025-12-30,1.0,24.09,Premium Gift Box,Germany,24.09
INV-100131,CUST-00017,2025-02-08,3.0,26.64,Smart Speaker,Canada,79.92
INV-100129,CUST-00017,2025-02-22,2.0,46.02,Wireless Headphones,United States,92.04
INV-100130,CUST-00017,2025-04-29,3.0,38.09,Wireless Headphones,Germany,114.27000000000001
INV-100143,CUST-00018,2025-01-15,7.0,118.02,Reusable Bottle,United States,826.14
INV-100145,CUST-00018,2025-02-10,8.0,116.49,Reusable Bottle,Germany,931.92
INV-100142,CUST-00018,2025-02-14,4.0,101.75,Reusable Bottle,France,407.0
INV-100150,CUST-00018,2025-02-21,5.0,179.28,Premium Gift Box,Germany,896.4
INV-100138,CUST-00018,2025-02-23,6.0,125.35,Wireless Headphones,United States,752.0999999999999
INV-100147,CUST-00018,2025-02-23,3.0,88.54,Ceramic Mug,United Kingdom,265.62
INV-100133,CUST-00018,2025-04-17,6.0,98.59,Wireless Headphones,United States,591.54
INV-100135,CUST-00018,2025-04-30,4.0,141.88,Notebook Set,France,567.52
INV-100141,CUST-00018,2025-06-13,2.0,106.19,Reusable Bottle,Germany,212.38
INV-100134,CUST-00018,2025-06-14,8.0,70.33,Smart Speaker,United Kingdom,562.64
INV-100136,CUST-00018,2025-06-20,8.0,85.01,Office Chair Mat,Canada,680.08
INV-100137,CUST-00018,2025-06-20,2.0,122.61,Ceramic Mug,France,245.22
INV-100132,CUST-00018,2025-06-24,4.0,160.2,Reusable Bottle,United States,640.8
INV-100139,CUST-00018,2025-07-04,8.0,112.08,Desk Lamp,United Kingdom,896.64
INV-100152,CUST-00018,2025-07-13,3.0,120.89,Desk Lamp,United Kingdom,362.67
INV-100144,CUST-00018,2025-08-27,8.0,76.74,Premium Gift Box,United States,613.92
INV-100148,CUST-00018,2025-08-27,8.0,83.24,Wireless Headphones,Canada,665.92
INV-100151,CUST-00018,2025-09-29,7.0,166.84,Desk Lamp,Germany,1167.88
INV-100149,CUST-00018,2025-10-01,7.0,150.82,Smart Speaker,Canada,1055.74
INV-100146,CUST-00018,2025-10-14,6.0,133.21,Wireless Headphones,United States,799.26
INV-100140,CUST-00018,2025-11-24,4.0,54.07,Desk Lamp,United States,216.28
INV-100153,CUST-00019,2025-05-08,2.0,45.89,Reusable Bottle,France,91.78
INV-100154,CUST-00019,2025-07-27,1.0,77.18,Wireless Headphones,Germany,77.18
INV-100155,CUST-00019,2025-11-24,2.0,27.22,Wireless Headphones,Canada,54.44
INV-100156,CUST-00019,2025-12-08,4.0,46.13,Notebook Set,Germany,184.52
INV-100159,CUST-00020,2025-01-10,2.0,37.59,Ceramic Mug,Canada,75.18
INV-100158,CUST-00020,2025-03-23,1.0,58.87,Notebook Set,United States,58.87
INV-100157,CUST-00020,2025-12-14,1.0,17.81,Smart Speaker,United States,17.81
INV-100160,CUST-00021,2025-12-31,2.0,70.39,Wireless Headphones,United Kingdom,140.78
INV-100161,CUST-00021,2025-12-31,1.0,44.27,Premium Gift Box,United Kingdom,44.27
INV-100164,CUST-00022,2025-02-02,3.0,88.33,Desk Lamp,United States,264.99
INV-100165,CUST-00022,2025-04-05,2.0,113.04,Notebook Set,United Kingdom,226.08
INV-100167,CUST-00022,2025-05-26,1.0,33.82,Wireless Headphones,France,33.82
INV-100163,CUST-00022,2025-06-22,2.0,52.25,Premium Gift Box,United States,104.5
INV-100166,CUST-00022,2025-07-04,3.0,91.16,Ceramic Mug,United Kingdom,273.48
INV-100162,CUST-00022,2025-08-04,3.0,98.06,Notebook Set,France,294.18
INV-100169,CUST-00022,2025-11-06,1.0,82.01,Notebook Set,United States,82.01
INV-100168,CUST-00022,2025-11-29,1.0,38.83,Office Chair Mat,United Kingdom,38.83
INV-100170,CUST-00023,2025-06-07,1.0,43.22,Premium Gift Box,Canada,43.22
INV-100171,CUST-00024,2025-09-20,3.0,32.86,Notebook Set,United Kingdom,98.58
INV-100174,CUST-00025,2025-01-07,1.0,66.92,Desk Lamp,United Kingdom,66.92
INV-100173,CUST-00025,2025-01-31,3.0,52.24,Notebook Set,France,156.72
INV-100172,CUST-00025,2025-03-25,4.0,27.8,Office Chair Mat,United States,111.2
INV-100175,CUST-00025,2025-09-07,3.0,52.05,Office Chair Mat,United States,156.14999999999998
INV-100176,CUST-00025,2025-10-14,3.0,32.23,Notebook Set,France,96.69
INV-100177,CUST-00025,2025-12-03,4.0,34.25,Wireless Headphones,United States,137.0
INV-100178,CUST-00025,2025-12-25,3.0,60.76,Ceramic Mug,France,182.28
INV-100187,CUST-00026,2025-01-10,6.0,21.82,Wireless Headphones,Canada,130.92000000000002
INV-100190,CUST-00026,2025-04-02,5.0,92.58,Office Chair Mat,Canada,462.9
INV-100181,CUST-00026,2025-05-02,5.0,37.29,Office Chair Mat,Canada,186.45
INV-100189,CUST-00026,2025-05-20,4.0,75.35,Premium Gift Box,United States,301.4
INV-100184,CUST-00026,2025-06-06,6.0,108.04,Notebook Set,Canada,648.24
INV-100183,CUST-00026,2025-06-13,6.0,78.46,Notebook Set,United Kingdom,470.76
INV-100186,CUST-00026,2025-07-22,4.0,49.48,Desk Lamp,Germany,197.92
INV-100179,CUST-00026,2025-09-13,5.0,51.72,Wireless Headphones,France,258.6
INV-100185,CUST-00026,2025-11-01,4.0,47.32,Smart Speaker,United Kingdom,189.28
INV-100188,CUST-00026,2025-11-05,2.0,107.39,Office Chair Mat,United States,214.78
INV-100180,CUST-00026,2025-11-08,4.0,32.6,Office Chair Mat,United Kingdom,130.4
INV-100182,CUST-00026,2025-11-17,6.0,20.4,Reusable Bottle,United Kingdom,122.39999999999999
INV-100194,CUST-00027,2025-02-11,4.0,88.26,Notebook Set,Canada,353.04
INV-100191,CUST-00027,2025-03-30,5.0,61.93,Reusable Bottle,France,309.65
INV-100193,CUST-00027,2025-06-25,3.0,29.41,Notebook Set,Germany,88.23
INV-100192,CUST-00027,2025-06-27,6.0,99.6,Wireless Headphones,United States,597.5999999999999
INV-100197,CUST-00027,2025-10-15,3.0,93.35,Notebook Set,Germany,280.04999999999995
INV-100196,CUST-00027,2025-10-20,6.0,111.26,Office Chair Mat,United States,667.5600000000001
INV-100195,CUST-00027,2025-11-07,3.0,37.84,Reusable Bottle,Germany,113.52000000000001
INV-100203,CUST-00028,2025-01-06,4.0,142.11,Reusable Bottle,France,568.44
INV-100218,CUST-00028,2025-01-23,4.0,119.64,Notebook Set,United Kingdom,478.56
INV-100201,CUST-00028,2025-02-21,7.0,58.48,Wireless Headphones,United States,409.35999999999996
INV-100216,CUST-00028,2025-03-25,8.0,177.92,Premium Gift Box,France,1423.36
INV-100214,CUST-00028,2025-04-30,5.0,59.94,Ceramic Mug,United States,299.7
INV-100199,CUST-00028,2025-05-08,7.0,150.7,Reusable Bottle,Canada,1054.8999999999999
INV-100198,CUST-00028,2025-05-10,4.0,114.8,Wireless Headphones,Germany,459.2
INV-100204,CUST-00028,2025-05-17,4.0,88.08,Desk Lamp,Germany,352.32
INV-100206,CUST-00028,2025-06-05,8.0,108.13,Wireless Headphones,United Kingdom,865.04
INV-100205,CUST-00028,2025-06-07,6.0,100.23,Wireless Headphones,Germany,601.38
INV-100211,CUST-00028,2025-07-10,3.0,70.08,Notebook Set,Canada,210.24
INV-100210,CUST-00028,2025-07-12,7.0,163.94,Desk Lamp,United States,1147.58
INV-100200,CUST-00028,2025-07-23,2.0,167.04,Smart Speaker,France,334.08
INV-100202,CUST-00028,2025-07-28,7.0,48.12,Ceramic Mug,France,336.84
INV-100217,CUST-00028,2025-08-24,8.0,54.7,Notebook Set,United Kingdom,437.6
INV-100207,CUST-00028,2025-08-30,4.0,98.2,Office Chair Mat,United Kingdom,392.8
INV-100208,CUST-00028,2025-09-02,3.0,137.42,Wireless Headphones,United States,412.26
INV-100215,CUST-00028,2025-11-12,4.0,148.25,Desk Lamp,France,593.0
INV-100212,CUST-00028,2025-12-11,5.0,80.02,Ceramic Mug,United Kingdom,400.09999999999997
INV-100209,CUST-00028,2025-12-23,8.0,77.89,Ceramic Mug,United Kingdom,623.12
INV-100213,CUST-00028,2025-12-28,5.0,174.51,Ceramic Mug,Germany,872.55
INV-100224,CUST-00029,2025-01-23,3.0,109.61,Wireless Headphones,Germany,328.83
INV-100230,CUST-00029,2025-01-23,1.0,97.74,Reusable Bottle,United States,97.74
INV-100228,CUST-00029,2025-02-16,5.0,73.09,Desk Lamp,Germany,365.45000000000005
INV-100221,CUST-00029,2025-02-24,3.0,93.51,Premium Gift Box,Germany,280.53000000000003
INV-100219,CUST-00029,2025-02-27,5.0,74.24,Premium Gift Box,Canada,371.2
INV-100223,CUST-00029,2025-03-30,1.0,40.68,Office Chair Mat,Germany,40.68
INV-100231,CUST-00029,2025-06-26,2.0,72.97,Notebook Set,United States,145.94
INV-100222,CUST-00029,2025-09-15,6.0,60.49,Desk Lamp,United Kingdom,362.94
INV-100229,CUST-00029,2025-10-02,2.0,36.13,Ceramic Mug,United Kingdom,72.26
INV-100227,CUST-00029,2025-10-03,6.0,105.13,Smart Speaker,Canada,630.78
INV-100226,CUST-00029,2025-10-27,4.0,64.99,Notebook Set,United Kingdom,259.96
INV-100220,CUST-00029,2025-11-01,1.0,36.03,Desk Lamp,United Kingdom,36.03
INV-100225,CUST-00029,2025-11-25,3.0,104.65,Desk Lamp,Germany,313.95000000000005
INV-100232,CUST-00030,2025-03-06,2.0,19.22,Desk Lamp,United Kingdom,38.44
INV-100233,CUST-00030,2025-10-26,4.0,43.74,Office Chair Mat,France,174.96
INV-100235,CUST-00030,2025-11-02,2.0,12.1,Notebook Set,United Kingdom,24.2
INV-100236,CUST-00030,2025-11-04,4.0,32.51,Reusable Bottle,Germany,130.04
INV-100234,CUST-00030,2025-11-08,1.0,48.81,Reusable Bottle,United States,48.81
INV-100237,CUST-00031,2025-07-15,4.0,47.23,Notebook Set,Germany,188.92
INV-100238,CUST-00031,2025-10-24,4.0,67.28,Reusable Bottle,France,269.12
INV-100240,CUST-00032,2025-04-27,2.0,7.25,Reusable Bottle,United States,14.5
INV-100239,CUST-00032,2025-08-19,2.0,11.88,Office Chair Mat,France,23.76
INV-100241,CUST-00032,2025-12-11,3.0,33.02,Wireless Headphones,Germany,99.06
INV-100244,CUST-00033,2025-01-04,2.0,26.21,Desk Lamp,United States,52.42
INV-100252,CUST-00033,2025-01-04,3.0,86.0,Premium Gift Box,United Kingdom,258.0
INV-100249,CUST-00033,2025-01-20,4.0,37.72,Desk Lamp,United Kingdom,150.88
INV-100242,CUST-00033,2025-03-18,5.0,112.38,Ceramic Mug,Canada,561.9
INV-100250,CUST-00033,2025-04-29,6.0,24.03,Office Chair Mat,France,144.18
INV-100248,CUST-00033,2025-05-05,4.0,67.28,Premium Gift Box,Germany,269.12
INV-100246,CUST-00033,2025-05-15,3.0,112.19,Notebook Set,Germany,336.57
INV-100245,CUST-00033,2025-07-18,5.0,35.23,Ceramic Mug,Germany,176.14999999999998
INV-100251,CUST-00033,2025-07-21,2.0,94.96,Reusable Bottle,United States,189.92
INV-100243,CUST-00033,2025-07-25,2.0,20.23,Smart Speaker,Canada,40.46
INV-100247,CUST-00033,2025-09-06,3.0,66.11,Smart Speaker,United States,198.32999999999998
INV-100255,CUST-00034,2025-05-31,4.0,110.71,Desk Lamp,Canada,442.84
INV-100257,CUST-00034,2025-07-15,3.0,32.58,Office Chair Mat,United Kingdom,97.74
INV-100254,CUST-00034,2025-08-10,3.0,76.18,Ceramic Mug,Germany,228.54000000000002
INV-100253,CUST-00034,2025-08-22,6.0,56.63,Smart Speaker,Germany,339.78000000000003
INV-100258,CUST-00034,2025-09-04,5.0,85.55,Smart Speaker,Germany,427.75
INV-100259,CUST-00034,2025-09-11,1.0,52.65,Office Chair Mat,United Kingdom,52.65
INV-100256,CUST-00034,2025-10-24,4.0,54.24,Smart Speaker,Canada,216.96
INV-100260,CUST-00034,2025-11-02,5.0,106.06,Office Chair Mat,United States,530.3
INV-100266,CUST-00035,2025-01-10,4.0,88.54,Notebook Set,Canada,354.16
INV-100263,CUST-00035,2025-02-03,5.0,74.21,Ceramic Mug,Canada,371.04999999999995
INV-100269,CUST-00035,2025-02-24,2.0,74.45,Desk Lamp,Germany,148.9
INV-100272,CUST-00035,2025-02-28,6.0,94.5,Reusable Bottle,France,567.0
INV-100273,CUST-00035,2025-03-28,2.0,68.06,Office Chair Mat,Germany,136.12
INV-100264,CUST-00035,2025-04-20,5.0,81.01,Reusable Bottle,Germany,405.05
INV-100261,CUST-00035,2025-05-02,2.0,47.52,Ceramic Mug,Germany,95.04
INV-100268,CUST-00035,2025-05-23,3.0,113.59,Notebook Set,France,340.77
INV-100270,CUST-00035,2025-07-06,3.0,53.41,Smart Speaker,France,160.23
INV-100274,CUST-00035,2025-07-18,5.0,84.48,Ceramic Mug,Germany,422.40000000000003
INV-100265,CUST-00035,2025-09-30,2.0,52.05,Smart Speaker,Germany,104.1
INV-100271,CUST-00035,2025-10-04,3.0,112.39,Reusable Bottle,United States,337.17
INV-100262,CUST-00035,2025-11-11,2.0,87.47,Desk Lamp,France,174.94
INV-100267,CUST-00035,2025-12-23,4.0,107.51,Notebook Set,France,430.04
INV-100279,CUST-00036,2025-04-21,5.0,31.57,Wireless Headphones,United States,157.85
INV-100277,CUST-00036,2025-06-07,2.0,20.75,Wireless Headphones,United States,41.5
INV-100278,CUST-00036,2025-07-19,5.0,103.92,Ceramic Mug,United Kingdom,519.6
INV-100280,CUST-00036,2025-07-20,6.0,39.26,Reusable Bottle,United Kingdom,235.56
INV-100275,CUST-00036,2025-09-11,2.0,78.6,Desk Lamp,Canada,157.2
INV-100276,CUST-00036,2025-09-18,2.0,101.61,Desk Lamp,France,203.22
INV-100281,CUST-00036,2025-12-22,3.0,81.97,Reusable Bottle,France,245.91
INV-100287,CUST-00037,2025-01-04,2.0,114.72,Reusable Bottle,United Kingdom,229.44
INV-100282,CUST-00037,2025-01-08,6.0,63.63,Wireless Headphones,Canada,381.78000000000003
INV-100293,CUST-00037,2025-03-15,3.0,165.56,Notebook Set,United States,496.68
INV-100283,CUST-00037,2025-03-19,3.0,164.45,Desk Lamp,United States,493.34999999999997
INV-100291,CUST-00037,2025-03-20,6.0,155.87,Office Chair Mat,France,935.22
INV-100284,CUST-00037,2025-05-04,5.0,157.39,Wireless Headphones,Canada,786.9499999999999
INV-100286,CUST-00037,2025-07-02,4.0,133.11,Smart Speaker,United Kingdom,532.44
INV-100292,CUST-00037,2025-08-02,4.0,146.09,Desk Lamp,Germany,584.36
INV-100289,CUST-00037,2025-09-07,4.0,102.34,Notebook Set,United States,409.36
INV-100285,CUST-00037,2025-10-28,3.0,119.54,Notebook Set,United States,358.62
INV-100294,CUST-00037,2025-11-09,5.0,57.97,Reusable Bottle,United States,289.85
INV-100288,CUST-00037,2025-11-27,6.0,176.85,Smart Speaker,United States,1061.1
INV-100290,CUST-00037,2025-12-13,4.0,92.7,Smart Speaker,United States,370.8
INV-100298,CUST-00038,2025-08-29,2.0,34.69,Wireless Headphones,France,69.38
INV-100295,CUST-00038,2025-09-10,4.0,26.75,Premium Gift Box,United Kingdom,107.0
INV-100299,CUST-00038,2025-09-25,5.0,73.89,Notebook Set,France,369.45
INV-100296,CUST-00038,2025-10-10,1.0,63.63,Office Chair Mat,Germany,63.63
INV-100297,CUST-00038,2025-11-26,1.0,85.23,Smart Speaker,France,85.23
INV-100300,CUST-00038,2025-12-16,1.0,59.45,Premium Gift Box,Germany,59.45
INV-100306,CUST-00039,2025-01-05,6.0,85.35,Ceramic Mug,United Kingdom,512.0999999999999
INV-100308,CUST-00039,2025-01-10,6.0,39.23,Office Chair Mat,Germany,235.38
INV-100302,CUST-00039,2025-04-02,5.0,56.79,Notebook Set,Canada,283.95
INV-100310,CUST-00039,2025-04-08,1.0,75.09,Premium Gift Box,United States,75.09
INV-100307,CUST-00039,2025-07-21,6.0,107.51,Notebook Set,France,645.0600000000001
INV-100301,CUST-00039,2025-09-29,2.0,70.42,Office Chair Mat,Canada,140.84
INV-100309,CUST-00039,2025-10-12,3.0,48.91,Smart Speaker,United States,146.73
INV-100303,CUST-00039,2025-10-13,4.0,95.15,Ceramic Mug,France,380.6
INV-100305,CUST-00039,2025-10-29,1.0,59.85,Office Chair Mat,Germany,59.85
INV-100304,CUST-00039,2025-11-18,5.0,37.63,Wireless Headphones,United Kingdom,188.15
INV-100312,CUST-00040,2025-01-27,3.0,44.03,Premium Gift Box,United States,132.09
INV-100316,CUST-00040,2025-05-13,3.0,14.63,Desk Lamp,United Kingdom,43.89
INV-100311,CUST-00040,2025-08-18,3.0,11.86,Premium Gift Box,United Kingdom,35.58
INV-100314,CUST-00040,2025-08-27,3.0,36.98,Office Chair Mat,United States,110.94
INV-100313,CUST-00040,2025-09-18,2.0,63.05,Wireless Headphones,France,126.1
INV-100315,CUST-00040,2025-11-13,3.0,32.03,Notebook Set,Canada,96.09
INV-100321,CUST-00041,2025-04-28,1.0,29.92,Ceramic Mug,Canada,29.92
INV-100319,CUST-00041,2025-07-11,6.0,25.95,Reusable Bottle,United States,155.7
INV-100320,CUST-00041,2025-10-14,3.0,39.55,Premium Gift Box,United States,118.64999999999999
INV-100317,CUST-00041,2025-10-15,4.0,84.63,Reusable Bottle,Germany,338.52
INV-100318,CUST-00041,2025-10-30,6.0,67.0,Reusable Bottle,France,402.0
INV-100323,CUST-00042,2025-05-08,4.0,32.43,Desk Lamp,United States,129.72
INV-100324,CUST-00042,2025-10-04,1.0,35.02,Desk Lamp,United States,35.02
INV-100322,CUST-00042,2025-11-23,2.0,22.33,Wireless Headphones,United Kingdom,44.66
INV-100326,CUST-00043,2025-01-27,3.0,17.52,Wireless Headphones,United Kingdom,52.56
INV-100328,CUST-00043,2025-02-24,4.0,67.39,Office Chair Mat,Germany,269.56
INV-100325,CUST-00043,2025-05-23,2.0,72.19,Ceramic Mug,United Kingdom,144.38
INV-100331,CUST-00043,2025-06-05,4.0,21.92,Office Chair Mat,France,87.68
INV-100329,CUST-00043,2025-06-23,1.0,13.09,Reusable Bottle,United States,13.09
INV-100330,CUST-00043,2025-08-07,1.0,76.41,Desk Lamp,United Kingdom,76.41
INV-100327,CUST-00043,2025-11-20,2.0,18.54,Premium Gift Box,United Kingdom,37.08
INV-100335,CUST-00044,2025-01-08,1.0,106.61,Wireless Headphones,Canada,106.61
INV-100339,CUST-00044,2025-01-13,4.0,66.18,Desk Lamp,Germany,264.72
INV-100333,CUST-00044,2025-01-17,3.0,59.75,Office Chair Mat,Canada,179.25
INV-100337,CUST-00044,2025-03-15,4.0,112.68,Office Chair Mat,France,450.72
INV-100343,CUST-00044,2025-03-22,4.0,95.55,Premium Gift Box,United States,382.2
INV-100338,CUST-00044,2025-04-10,3.0,52.93,Desk Lamp,Canada,158.79
INV-100336,CUST-00044,2025-06-04,3.0,60.87,Notebook Set,Canada,182.60999999999999
INV-100344,CUST-00044,2025-06-23,5.0,112.75,Ceramic Mug,Canada,563.75
INV-100342,CUST-00044,2025-07-02,5.0,58.91,Office Chair Mat,United States,294.54999999999995
INV-100334,CUST-00044,2025-07-13,1.0,52.11,Ceramic Mug,United Kingdom,52.11
INV-100340,CUST-00044,2025-08-26,4.0,52.07,Reusable Bottle,United States,208.28
INV-100332,CUST-00044,2025-09-04,3.0,69.37,Desk Lamp,France,208.11
INV-100345,CUST-00044,2025-11-23,5.0,25.26,Smart Speaker,France,126.30000000000001
INV-100341,CUST-00044,2025-12-06,3.0,29.46,Desk Lamp,United Kingdom,88.38
INV-100351,CUST-00045,2025-02-15,4.0,49.56,Desk Lamp,United Kingdom,198.24
INV-100349,CUST-00045,2025-02-24,1.0,42.6,Notebook Set,Canada,42.6
INV-100348,CUST-00045,2025-06-10,1.0,62.04,Wireless Headphones,United Kingdom,62.04
INV-100346,CUST-00045,2025-08-11,1.0,50.53,Reusable Bottle,France,50.53
INV-100352,CUST-00045,2025-09-24,3.0,64.24,Ceramic Mug,United Kingdom,192.71999999999997
INV-100347,CUST-00045,2025-12-30,3.0,57.63,Wireless Headphones,France,172.89000000000001
INV-100350,CUST-00045,2025-12-30,3.0,33.15,Office Chair Mat,France,99.44999999999999
INV-100355,CUST-00046,2025-01-15,4.0,36.21,Wireless Headphones,United Kingdom,144.84
INV-100354,CUST-00046,2025-03-18,4.0,23.13,Reusable Bottle,Canada,92.52
INV-100356,CUST-00046,2025-08-12,4.0,43.72,Ceramic Mug,Canada,174.88
INV-100353,CUST-00046,2025-10-14,3.0,77.58,Wireless Headphones,France,232.74
INV-100357,CUST-00047,2025-01-08,5.0,62.5,Premium Gift Box,France,312.5
INV-100367,CUST-00047,2025-01-11,2.0,85.17,Wireless Headphones,France,170.34
INV-100366,CUST-00047,2025-01-21,2.0,100.9,Notebook Set,Canada,201.8
INV-100359,CUST-00047,2025-03-17,2.0,48.44,Office Chair Mat,Germany,96.88
INV-100363,CUST-00047,2025-05-20,1.0,66.17,Wireless Headphones,France,66.17
INV-100364,CUST-00047,2025-06-24,6.0,33.96,Ceramic Mug,Canada,203.76
INV-100361,CUST-00047,2025-06-25,4.0,89.01,Notebook Set,Canada,356.04
INV-100358,CUST-00047,2025-08-19,1.0,31.84,Notebook Set,France,31.84
INV-100360,CUST-00047,2025-09-12,5.0,22.4,Office Chair Mat,France,112.0
INV-100365,CUST-00047,2025-10-24,3.0,29.68,Desk Lamp,Canada,89.03999999999999
INV-100362,CUST-00047,2025-11-02,4.0,57.67,Smart Speaker,Germany,230.68
INV-100368,CUST-00048,2025-02-13,4.0,62.9,Ceramic Mug,Canada,251.6
INV-100374,CUST-00048,2025-04-13,4.0,111.57,Office Chair Mat,Canada,446.28
INV-100375,CUST-00048,2025-04-18,3.0,64.5,Reusable Bottle,United Kingdom,193.5
INV-100378,CUST-00048,2025-04-30,6.0,90.78,Premium Gift Box,France,544.6800000000001
INV-100380,CUST-00048,2025-05-18,1.0,99.58,Desk Lamp,Canada,99.58
INV-100371,CUST-00048,2025-06-16,2.0,110.3,Notebook Set,United Kingdom,220.6
INV-100377,CUST-00048,2025-06-28,2.0,116.44,Ceramic Mug,United Kingdom,232.88
INV-100370,CUST-00048,2025-07-10,6.0,24.04,Ceramic Mug,Germany,144.24
INV-100369,CUST-00048,2025-08-21,1.0,73.46,Desk Lamp,France,73.46
INV-100372,CUST-00048,2025-09-09,6.0,103.75,Reusable Bottle,United Kingdom,622.5
INV-100373,CUST-00048,2025-09-20,1.0,103.47,Reusable Bottle,United Kingdom,103.47
INV-100376,CUST-00048,2025-10-30,6.0,51.07,Office Chair Mat,United Kingdom,306.42
INV-100379,CUST-00048,2025-11-15,6.0,104.22,Desk Lamp,France,625.3199999999999
INV-100382,CUST-00049,2025-04-19,4.0,41.95,Notebook Set,France,167.8
INV-100381,CUST-00049,2025-06-17,4.0,78.03,Reusable Bottle,Canada,312.12
INV-100383,CUST-00049,2025-08-13,2.0,37.41,Desk Lamp,United Kingdom,74.82
INV-100384,CUST-00049,2025-11-29,3.0,64.59,Wireless Headphones,Germany,193.77
INV-100398,CUST-00050,2025-02-06,3.0,171.45,Office Chair Mat,United Kingdom,514.3499999999999
INV-100388,CUST-00050,2025-02-17,8.0,76.91,Premium Gift Box,United Kingdom,615.28
INV-100392,CUST-00050,2025-02-20,6.0,161.66,Premium Gift Box,France,969.96
INV-100399,CUST-00050,2025-03-07,2.0,112.18,Premium Gift Box,Canada,224.36
INV-100387,CUST-00050,2025-03-09,3.0,114.63,Smart Speaker,France,343.89
INV-100391,CUST-00050,2025-05-05,6.0,72.25,Premium Gift Box,France,433.5
INV-100396,CUST-00050,2025-05-21,4.0,133.18,Ceramic Mug,Germany,532.72
INV-100394,CUST-00050,2025-08-05,5.0,172.67,Office Chair Mat,United States,863.3499999999999
INV-100389,CUST-00050,2025-08-24,3.0,53.55,Ceramic Mug,United Kingdom,160.64999999999998
INV-100395,CUST-00050,2025-09-04,7.0,117.96,Notebook Set,United Kingdom,825.7199999999999
INV-100386,CUST-00050,2025-09-08,3.0,72.79,Desk Lamp,France,218.37
INV-100385,CUST-00050,2025-10-22,8.0,127.65,Wireless Headphones,United Kingdom,1021.2
INV-100397,CUST-00050,2025-11-02,5.0,75.87,Office Chair Mat,Germany,379.35
INV-100390,CUST-00050,2025-11-07,5.0,168.18,Desk Lamp,Canada,840.9000000000001
INV-100393,CUST-00050,2025-11-15,4.0,57.23,Notebook Set,United States,228.92
INV-100403,CUST-00051,2025-05-13,4.0,118.14,Wireless Headphones,United Kingdom,472.56
INV-100400,CUST-00051,2025-06-30,6.0,119.48,Notebook Set,United Kingdom,716.88
INV-100401,CUST-00051,2025-07-07,4.0,62.18,Notebook Set,France,248.72
INV-100404,CUST-00051,2025-07-14,3.0,67.56,Reusable Bottle,Germany,202.68
INV-100402,CUST-00051,2025-12-07,5.0,42.8,Premium Gift Box,Germany,214.0
INV-100406,CUST-00052,2025-02-06,4.0,131.12,Ceramic Mug,France,524.48
INV-100414,CUST-00052,2025-03-14,3.0,71.69,Notebook Set,United States,215.07
INV-100405,CUST-00052,2025-03-15,7.0,132.5,Smart Speaker,Germany,927.5
INV-100408,CUST-00052,2025-03-23,6.0,174.68,Smart Speaker,United States,1048.08
INV-100407,CUST-00052,2025-03-26,6.0,91.94,Notebook Set,Germany,551.64
INV-100413,CUST-00052,2025-04-09,3.0,59.95,Wireless Headphones,France,179.85000000000002
INV-100409,CUST-00052,2025-05-27,4.0,154.64,Desk Lamp,Canada,618.56
INV-100411,CUST-00052,2025-05-28,7.0,62.71,Notebook Set,United Kingdom,438.97
INV-100412,CUST-00052,2025-08-17,6.0,145.88,Ceramic Mug,France,875.28
INV-100410,CUST-00052,2025-12-15,7.0,107.06,Premium Gift Box,United States,749.4200000000001
INV-100416,CUST-00053,2025-04-18,4.0,35.04,Ceramic Mug,Germany,140.16
INV-100415,CUST-00053,2025-06-22,1.0,63.24,Reusable Bottle,United Kingdom,63.24
INV-100417,CUST-00053,2025-07-10,4.0,29.14,Ceramic Mug,United States,116.56
INV-100420,CUST-00054,2025-06-03,3.0,67.06,Ceramic Mug,Canada,201.18
INV-100418,CUST-00054,2025-08-14,1.0,48.52,Office Chair Mat,Germany,48.52
INV-100419,CUST-00054,2025-11-07,1.0,43.68,Ceramic Mug,Germany,43.68
INV-100421,CUST-00055,2025-03-08,2.0,35.26,Ceramic Mug,United Kingdom,70.52
INV-100424,CUST-00055,2025-09-23,2.0,40.72,Ceramic Mug,Germany,81.44
INV-100423,CUST-00055,2025-10-05,4.0,31.97,Office Chair Mat,United Kingdom,127.88
INV-100422,CUST-00055,2025-10-28,1.0,37.44,Notebook Set,Germany,37.44
INV-100425,CUST-00056,2025-02-21,2.0,26.52,Premium Gift Box,Germany,53.04
INV-100426,CUST-00056,2025-12-10,4.0,44.86,Smart Speaker,Germany,179.44
INV-100427,CUST-00056,2025-12-23,4.0,79.92,Notebook Set,Germany,319.68
INV-100428,CUST-00057,2025-02-11,5.0,99.15,Reusable Bottle,United States,495.75
INV-100434,CUST-00057,2025-02-11,1.0,60.17,Desk Lamp,Germany,60.17
INV-100433,CUST-00057,2025-02-26,5.0,107.29,Reusable Bottle,United Kingdom,536.45
INV-100431,CUST-00057,2025-06-08,5.0,103.66,Premium Gift Box,France,518.3
INV-100430,CUST-00057,2025-07-11,3.0,60.74,Notebook Set,Canada,182.22
INV-100429,CUST-00057,2025-07-17,5.0,21.58,Wireless Headphones,Canada,107.89999999999999
INV-100436,CUST-00057,2025-08-28,6.0,49.63,Premium Gift Box,United States,297.78000000000003
INV-100435,CUST-00057,2025-09-25,5.0,113.88,Premium Gift Box,Canada,569.4
INV-100432,CUST-00057,2025-11-22,5.0,99.3,Ceramic Mug,United Kingdom,496.5
INV-100438,CUST-00058,2025-03-28,2.0,68.39,Wireless Headphones,Germany,136.78
INV-100439,CUST-00058,2025-05-01,1.0,22.28,Ceramic Mug,France,22.28
INV-100437,CUST-00058,2025-10-11,1.0,14.06,Smart Speaker,France,14.06
INV-100445,CUST-00059,2025-03-03,7.0,45.58,Ceramic Mug,Canada,319.06
INV-100456,CUST-00059,2025-03-17,3.0,153.37,Reusable Bottle,Germany,460.11
INV-100461,CUST-00059,2025-03-22,3.0,168.85,Ceramic Mug,Germany,506.54999999999995
INV-100444,CUST-00059,2025-03-24,6.0,96.07,Office Chair Mat,Germany,576.42
INV-100441,CUST-00059,2025-04-29,8.0,76.76,Office Chair Mat,France,614.08
INV-100451,CUST-00059,2025-05-12,7.0,177.7,Smart Speaker,United Kingdom,1243.8999999999999
INV-100446,CUST-00059,2025-06-07,4.0,50.22,Reusable Bottle,United States,200.88
INV-100443,CUST-00059,2025-07-28,8.0,79.16,Notebook Set,Germany,633.28
INV-100450,CUST-00059,2025-08-04,5.0,161.34,Notebook Set,Canada,806.7
INV-100452,CUST-00059,2025-08-04,6.0,169.65,Notebook Set,United Kingdom,1017.9000000000001
INV-100449,CUST-00059,2025-08-18,3.0,71.39,Ceramic Mug,Canada,214.17000000000002
INV-100442,CUST-00059,2025-09-22,4.0,80.72,Reusable Bottle,United Kingdom,322.88
INV-100440,CUST-00059,2025-09-26,8.0,63.91,Reusable Bottle,United States,511.28
INV-100457,CUST-00059,2025-09-26,6.0,79.39,Desk Lamp,United States,476.34000000000003
INV-100453,CUST-00059,2025-10-03,8.0,146.87,Smart Speaker,France,1174.96
INV-100459,CUST-00059,2025-10-11,4.0,98.89,Office Chair Mat,United States,395.56
INV-100447,CUST-00059,2025-10-17,8.0,154.34,Premium Gift Box,Germany,1234.72
INV-100455,CUST-00059,2025-10-25,4.0,84.07,Notebook Set,United Kingdom,336.28
INV-100458,CUST-00059,2025-11-12,2.0,99.28,Reusable Bottle,France,198.56
INV-100454,CUST-00059,2025-11-26,4.0,72.08,Notebook Set,United Kingdom,288.32
INV-100448,CUST-00059,2025-11-29,2.0,145.86,Notebook Set,United Kingdom,291.72
INV-100460,CUST-00059,2025-12-19,2.0,131.3,Ceramic Mug,Canada,262.6
INV-100480,CUST-00060,2025-01-20,2.0,74.72,Reusable Bottle,Germany,149.44
INV-100463,CUST-00060,2025-02-22,8.0,86.28,Wireless Headphones,Germany,690.24
INV-100470,CUST-00060,2025-03-04,7.0,168.28,Office Chair Mat,United States,1177.96
INV-100472,CUST-00060,2025-03-16,3.0,152.36,Notebook Set,France,457.08000000000004
INV-100478,CUST-00060,2025-03-23,4.0,148.98,Ceramic Mug,United States,595.92
INV-100471,CUST-00060,2025-03-25,7.0,136.53,Desk Lamp,Canada,955.71
INV-100469,CUST-00060,2025-05-01,5.0,123.66,Office Chair Mat,United States,618.3
INV-100476,CUST-00060,2025-05-21,8.0,83.35,Premium Gift Box,Germany,666.8
INV-100477,CUST-00060,2025-05-27,4.0,177.3,Notebook Set,France,709.2
INV-100464,CUST-00060,2025-06-19,7.0,62.32,Wireless Headphones,Germany,436.24
INV-100482,CUST-00060,2025-07-20,4.0,161.79,Office Chair Mat,United Kingdom,647.16
INV-100468,CUST-00060,2025-07-30,2.0,77.18,Desk Lamp,Canada,154.36
INV-100474,CUST-00060,2025-08-11,4.0,131.16,Smart Speaker,Canada,524.64
INV-100481,CUST-00060,2025-09-06,5.0,111.91,Notebook Set,United Kingdom,559.55
INV-100462,CUST-00060,2025-10-02,7.0,75.73,Premium Gift Box,United Kingdom,530.11
INV-100479,CUST-00060,2025-10-07,6.0,133.89,Reusable Bottle,France,803.3399999999999
INV-100465,CUST-00060,2025-11-04,8.0,143.33,Reusable Bottle,Canada,1146.64
INV-100475,CUST-00060,2025-12-06,8.0,57.66,Premium Gift Box,Canada,461.28
INV-100466,CUST-00060,2025-12-11,8.0,116.21,Reusable Bottle,Germany,929.68
INV-100467,CUST-00060,2025-12-15,7.0,146.16,Premium Gift Box,United States,1023.12
INV-100473,CUST-00060,2025-12-29,7.0,168.91,Ceramic Mug,France,1182.37
INV-100484,CUST-00061,2025-04-03,3.0,70.66,Desk Lamp,United States,211.98
INV-100485,CUST-00061,2025-04-04,3.0,25.11,Reusable Bottle,Canada,75.33
INV-100488,CUST-00061,2025-04-17,1.0,62.08,Smart Speaker,France,62.08
INV-100486,CUST-00061,2025-06-21,2.0,27.2,Office Chair Mat,Germany,54.4
INV-100489,CUST-00061,2025-06-21,1.0,41.47,Notebook Set,United Kingdom,41.47
INV-100483,CUST-00061,2025-08-09,2.0,13.56,Reusable Bottle,United States,27.12
INV-100487,CUST-00061,2025-10-09,2.0,77.1,Wireless Headphones,Canada,154.2
INV-100493,CUST-00062,2025-03-06,2.0,36.91,Desk Lamp,United States,73.82
INV-100499,CUST-00062,2025-04-19,3.0,66.77,Wireless Headphones,United Kingdom,200.31
INV-100496,CUST-00062,2025-06-22,5.0,78.02,Wireless Headphones,Germany,390.09999999999997
INV-100498,CUST-00062,2025-07-24,4.0,91.27,Notebook Set,Canada,365.08
INV-100500,CUST-00062,2025-07-31,5.0,46.07,Notebook Set,United Kingdom,230.35
INV-100490,CUST-00062,2025-09-09,2.0,108.81,Office Chair Mat,France,217.62
INV-100492,CUST-00062,2025-09-27,6.0,110.29,Smart Speaker,France,661.74
INV-100494,CUST-00062,2025-11-13,1.0,32.01,Notebook Set,United Kingdom,32.01
INV-100495,CUST-00062,2025-12-09,6.0,27.41,Wireless Headphones,United Kingdom,164.46
INV-100491,CUST-00062,2025-12-10,3.0,77.86,Ceramic Mug,United Kingdom,233.57999999999998
INV-100497,CUST-00062,2025-12-18,4.0,108.22,Desk Lamp,Germany,432.88
INV-100503,CUST-00063,2025-03-28,1.0,25.16,Desk Lamp,Canada,25.16
INV-100504,CUST-00063,2025-04-25,3.0,30.65,Reusable Bottle,France,91.94999999999999
INV-100502,CUST-00063,2025-04-26,3.0,15.44,Office Chair Mat,France,46.32
INV-100506,CUST-00063,2025-05-19,2.0,53.65,Premium Gift Box,France,107.3
INV-100505,CUST-00063,2025-06-07,1.0,48.8,Desk Lamp,United States,48.8
INV-100501,CUST-00063,2025-10-03,4.0,33.11,Office Chair Mat,France,132.44
INV-100508,CUST-00064,2025-05-24,1.0,41.28,Wireless Headphones,Canada,41.28
INV-100507,CUST-00064,2025-09-03,3.0,57.23,Premium Gift Box,Germany,171.69
INV-100510,CUST-00065,2025-04-05,4.0,68.08,Ceramic Mug,Canada,272.32
INV-100511,CUST-00065,2025-06-16,1.0,43.08,Office Chair Mat,Canada,43.08
INV-100512,CUST-00065,2025-07-03,1.0,74.96,Premium Gift Box,France,74.96
INV-100509,CUST-00065,2025-11-30,4.0,40.87,Ceramic Mug,France,163.48
INV-100516,CUST-00066,2025-01-13,4.0,41.54,Premium Gift Box,United Kingdom,166.16
INV-100513,CUST-00066,2025-01-16,3.0,52.14,Reusable Bottle,Germany,156.42000000000002
INV-100515,CUST-00066,2025-06-27,4.0,44.55,Premium Gift Box,Canada,178.2
INV-100514,CUST-00066,2025-11-18,1.0,46.1,Smart Speaker,Canada,46.1
INV-100520,CUST-00067,2025-01-23,4.0,53.86,Ceramic Mug,United Kingdom,215.44
INV-100518,CUST-00067,2025-07-27,2.0,61.34,Office Chair Mat,Germany,122.68
INV-100517,CUST-00067,2025-10-14,1.0,10.04,Wireless Headphones,Germany,10.04
INV-100519,CUST-00067,2025-12-20,1.0,20.8,Premium Gift Box,United Kingdom,20.8
INV-100524,CUST-00068,2025-03-13,2.0,48.69,Desk Lamp,United States,97.38
INV-100527,CUST-00068,2025-04-13,6.0,113.29,Desk Lamp,United States,679.74
INV-100525,CUST-00068,2025-04-27,2.0,78.24,Office Chair Mat,France,156.48
INV-100521,CUST-00068,2025-08-10,4.0,61.23,Desk Lamp,Germany,244.92
INV-100528,CUST-00068,2025-08-15,4.0,103.28,Ceramic Mug,United States,413.12
INV-100523,CUST-00068,2025-11-05,5.0,104.97,Desk Lamp,France,524.85
INV-100522,CUST-00068,2025-11-06,2.0,110.58,Reusable Bottle,Canada,221.16
INV-100526,CUST-00068,2025-12-28,6.0,72.68,Desk Lamp,Germany,436.08000000000004
INV-100545,CUST-00069,2025-01-19,8.0,85.54,Notebook Set,France,684.32
INV-100530,CUST-00069,2025-02-05,6.0,81.33,Office Chair Mat,United Kingdom,487.98
INV-100533,CUST-00069,2025-04-03,7.0,89.64,Desk Lamp,Canada,627.48
INV-100550,CUST-00069,2025-04-16,2.0,109.13,Wireless Headphones,Germany,218.26
INV-100544,CUST-00069,2025-05-05,2.0,125.92,Smart Speaker,France,251.84
INV-100549,CUST-00069,2025-05-23,6.0,154.42,Office Chair Mat,United States,926.52
INV-100540,CUST-00069,2025-05-25,3.0,104.78,Notebook Set,United States,314.34000000000003
INV-100536,CUST-00069,2025-06-13,3.0,87.71,Wireless Headphones,United Kingdom,263.13
INV-100543,CUST-00069,2025-06-14,6.0,72.38,Ceramic Mug,France,434.28
INV-100532,CUST-00069,2025-06-30,6.0,100.12,Smart Speaker,Germany,600.72
INV-100546,CUST-00069,2025-07-11,7.0,75.3,Desk Lamp,Germany,527.1
INV-100535,CUST-00069,2025-07-22,2.0,147.51,Ceramic Mug,France,295.02
INV-100529,CUST-00069,2025-07-24,3.0,177.98,Reusable Bottle,France,533.9399999999999
INV-100531,CUST-00069,2025-09-06,6.0,120.7,Premium Gift Box,United Kingdom,724.2
INV-100537,CUST-00069,2025-10-28,3.0,82.13,Smart Speaker,Germany,246.39
INV-100534,CUST-00069,2025-11-15,5.0,159.82,Ceramic Mug,France,799.0999999999999
INV-100541,CUST-00069,2025-12-05,5.0,165.56,Office Chair Mat,United Kingdom,827.8
INV-100538,CUST-00069,2025-12-08,2.0,123.53,Wireless Headphones,France,247.06
INV-100547,CUST-00069,2025-12-15,2.0,141.04,Desk Lamp,United States,282.08
INV-100539,CUST-00069,2025-12-24,2.0,65.98,Office Chair Mat,Canada,131.96
INV-100548,CUST-00069,2025-12-25,4.0,131.94,Notebook Set,United States,527.76
INV-100542,CUST-00069,2025-12-27,5.0,167.03,Ceramic Mug,United States,835.15
INV-100556,CUST-00070,2025-04-15,6.0,110.59,Ceramic Mug,France,663.54
INV-100560,CUST-00070,2025-04-17,1.0,92.98,Ceramic Mug,France,92.98
INV-100551,CUST-00070,2025-04-23,2.0,24.26,Office Chair Mat,United States,48.52
INV-100559,CUST-00070,2025-05-13,4.0,35.36,Smart Speaker,Germany,141.44
INV-100554,CUST-00070,2025-05-24,6.0,21.79,Desk Lamp,France,130.74
INV-100552,CUST-00070,2025-06-05,3.0,61.39,Wireless Headphones,United Kingdom,184.17000000000002
INV-100561,CUST-00070,2025-06-24,3.0,70.98,Premium Gift Box,United States,212.94
INV-100555,CUST-00070,2025-06-26,6.0,21.21,Office Chair Mat,Germany,127.26
INV-100557,CUST-00070,2025-10-23,4.0,27.82,Wireless Headphones,France,111.28
INV-100553,CUST-00070,2025-11-11,5.0,112.57,Notebook Set,United States,562.8499999999999
INV-100558,CUST-00070,2025-12-10,4.0,81.47,Notebook Set,Canada,325.88
INV-100562,CUST-00071,2025-01-13,1.0,56.9,Smart Speaker,France,56.9
INV-100564,CUST-00071,2025-01-22,4.0,41.52,Smart Speaker,France,166.08
INV-100565,CUST-00071,2025-02-22,4.0,105.17,Notebook Set,Germany,420.68
INV-100571,CUST-00071,2025-02-27,5.0,104.27,Premium Gift Box,United Kingdom,521.35
INV-100570,CUST-00071,2025-04-01,1.0,53.5,Desk Lamp,United Kingdom,53.5
INV-100572,CUST-00071,2025-07-22,5.0,85.08,Reusable Bottle,United Kingdom,425.4
INV-100569,CUST-00071,2025-08-30,2.0,67.53,Wireless Headphones,Germany,135.06
INV-100567,CUST-00071,2025-09-29,1.0,118.73,Smart Speaker,Canada,118.73
INV-100566,CUST-00071,2025-10-05,4.0,112.67,Premium Gift Box,United Kingdom,450.68
INV-100563,CUST-00071,2025-10-29,3.0,66.39,Ceramic Mug,Canada,199.17000000000002
INV-100568,CUST-00071,2025-11-07,3.0,87.42,Wireless Headphones,France,262.26
INV-100574,CUST-00071,2025-11-10,2.0,88.75,Ceramic Mug,United Kingdom,177.5
INV-100573,CUST-00071,2025-11-19,3.0,68.93,Reusable Bottle,United States,206.79000000000002
INV-100575,CUST-00071,2025-12-14,4.0,33.98,Desk Lamp,United States,135.92
INV-100584,CUST-00072,2025-01-09,4.0,96.38,Reusable Bottle,United States,385.52
INV-100580,CUST-00072,2025-03-28,5.0,57.78,Office Chair Mat,Canada,288.9
INV-100582,CUST-00072,2025-03-31,3.0,62.13,Smart Speaker,United Kingdom,186.39000000000001
INV-100576,CUST-00072,2025-04-24,3.0,72.19,Desk Lamp,United States,216.57
INV-100579,CUST-00072,2025-07-20,2.0,65.65,Desk Lamp,United States,131.3
INV-100577,CUST-00072,2025-07-30,1.0,81.44,Desk Lamp,United States,81.44
INV-100578,CUST-00072,2025-09-03,4.0,30.87,Notebook Set,United Kingdom,123.48
INV-100581,CUST-00072,2025-10-18,4.0,22.18,Smart Speaker,Canada,88.72
INV-100583,CUST-00072,2025-11-26,5.0,114.24,Desk Lamp,United Kingdom,571.1999999999999
INV-100588,CUST-00073,2025-01-06,1.0,25.36,Wireless Headphones,United Kingdom,25.36
INV-100586,CUST-00073,2025-01-08,3.0,25.02,Wireless Headphones,France,75.06
INV-100585,CUST-00073,2025-03-20,2.0,46.81,Smart Speaker,France,93.62
INV-100587,CUST-00073,2025-06-15,2.0,20.13,Ceramic Mug,United Kingdom,40.26
INV-100594,CUST-00074,2025-02-14,4.0,105.95,Ceramic Mug,Canada,423.8
INV-100593,CUST-00074,2025-04-10,4.0,117.11,Reusable Bottle,United States,468.44
INV-100591,CUST-00074,2025-04-11,6.0,46.58,Office Chair Mat,Canada,279.48
INV-100597,CUST-00074,2025-04-18,2.0,23.11,Notebook Set,United States,46.22
INV-100601,CUST-00074,2025-05-08,3.0,105.26,Wireless Headphones,Canada,315.78000000000003
INV-100598,CUST-00074,2025-06-10,2.0,88.0,Notebook Set,United Kingdom,176.0
INV-100589,CUST-00074,2025-06-28,2.0,67.98,Ceramic Mug,France,135.96
INV-100599,CUST-00074,2025-06-30,5.0,46.35,Premium Gift Box,United States,231.75
INV-100600,CUST-00074,2025-08-08,3.0,91.68,Notebook Set,Canada,275.04
INV-100596,CUST-00074,2025-09-03,4.0,117.65,Ceramic Mug,United Kingdom,470.6
INV-100590,CUST-00074,2025-09-17,3.0,33.09,Ceramic Mug,United Kingdom,99.27000000000001
INV-100595,CUST-00074,2025-11-15,2.0,105.55,Office Chair Mat,United States,211.1
INV-100592,CUST-00074,2025-12-15,1.0,62.37,Wireless Headphones,France,62.37
INV-100605,CUST-00075,2025-03-13,8.0,126.88,Reusable Bottle,United Kingdom,1015.04
INV-100606,CUST-00075,2025-04-17,4.0,179.03,Smart Speaker,Canada,716.12
INV-100608,CUST-00075,2025-06-20,7.0,127.77,Ceramic Mug,United States,894.39
INV-100607,CUST-00075,2025-08-29,5.0,115.09,Ceramic Mug,France,575.45
INV-100613,CUST-00075,2025-08-30,4.0,57.11,Desk Lamp,Germany,228.44
INV-100611,CUST-00075,2025-09-23,7.0,82.71,Wireless Headphones,United States,578.9699999999999
INV-100604,CUST-00075,2025-10-06,6.0,62.65,Smart Speaker,United States,375.9
INV-100602,CUST-00075,2025-10-15,2.0,91.26,Reusable Bottle,Germany,182.52
INV-100612,CUST-00075,2025-10-22,8.0,97.0,Notebook Set,France,776.0
INV-100603,CUST-00075,2025-12-17,5.0,61.73,Notebook Set,France,308.65
INV-100610,CUST-00075,2025-12-17,8.0,77.43,Wireless Headphones,United States,619.44
INV-100614,CUST-00075,2025-12-22,3.0,147.15,Ceramic Mug,Canada,441.45000000000005
INV-100609,CUST-00075,2025-12-26,2.0,80.72,Reusable Bottle,United States,161.44
INV-100616,CUST-00076,2025-01-26,2.0,97.39,Wireless Headphones,Germany,194.78
INV-100626,CUST-00076,2025-02-21,6.0,62.6,Office Chair Mat,United States,375.6
INV-100625,CUST-00076,2025-02-25,3.0,107.94,Ceramic Mug,United States,323.82
INV-100622,CUST-00076,2025-03-14,4.0,105.69,Desk Lamp,United Kingdom,422.76
INV-100623,CUST-00076,2025-04-02,2.0,61.42,Office Chair Mat,United Kingdom,122.84
INV-100627,CUST-00076,2025-04-06,4.0,61.77,Notebook Set,United States,247.08
INV-100617,CUST-00076,2025-04-09,6.0,109.55,Ceramic Mug,Canada,657.3
INV-100624,CUST-00076,2025-05-06,3.0,46.52,Reusable Bottle,United States,139.56
INV-100620,CUST-00076,2025-07-22,5.0,29.33,Desk Lamp,Germany,146.64999999999998
INV-100628,CUST-00076,2025-08-17,4.0,35.18,Office Chair Mat,United States,140.72
INV-100615,CUST-00076,2025-08-26,6.0,70.42,Office Chair Mat,Canada,422.52
INV-100621,CUST-00076,2025-11-13,1.0,97.02,Smart Speaker,Germany,97.02
INV-100618,CUST-00076,2025-11-17,5.0,100.64,Office Chair Mat,United States,503.2
INV-100619,CUST-00076,2025-12-07,6.0,29.43,Reusable Bottle,France,176.57999999999998
INV-100631,CUST-00077,2025-01-13,4.0,34.21,Office Chair Mat,France,136.84
INV-100638,CUST-00077,2025-02-09,2.0,52.33,Ceramic Mug,United Kingdom,104.66
INV-100637,CUST-00077,2025-05-04,3.0,113.71,Wireless Headphones,United States,341.13
INV-100639,CUST-00077,2025-06-01,3.0,64.27,Smart Speaker,Canada,192.81
INV-100633,CUST-00077,2025-06-02,2.0,112.96,Desk Lamp,France,225.92
INV-100629,CUST-00077,2025-06-09,4.0,102.39,Notebook Set,France,409.56
INV-100632,CUST-00077,2025-06-23,4.0,101.82,Ceramic Mug,United States,407.28
INV-100630,CUST-00077,2025-09-29,5.0,98.47,Reusable Bottle,Canada,492.35
INV-100634,CUST-00077,2025-11-20,3.0,92.1,Premium Gift Box,United States,276.29999999999995
INV-100636,CUST-00077,2025-12-07,4.0,45.86,Premium Gift Box,United Kingdom,183.44
INV-100635,CUST-00077,2025-12-10,3.0,101.59,Premium Gift Box,United Kingdom,304.77
INV-100640,CUST-00078,2025-04-16,1.0,79.98,Office Chair Mat,Canada,79.98
INV-100641,CUST-00078,2025-09-08,4.0,43.77,Office Chair Mat,France,175.08
INV-100648,CUST-00079,2025-01-20,4.0,71.34,Smart Speaker,Canada,285.36
INV-100643,CUST-00079,2025-01-21,2.0,34.86,Desk Lamp,Germany,69.72
INV-100645,CUST-00079,2025-02-07,4.0,59.37,Desk Lamp,Germany,237.48
INV-100644,CUST-00079,2025-07-20,3.0,23.3,Notebook Set,Canada,69.9
INV-100647,CUST-00079,2025-08-30,3.0,16.58,Smart Speaker,Germany,49.739999999999995
INV-100642,CUST-00079,2025-11-30,4.0,75.07,Wireless Headphones,Germany,300.28
INV-100646,CUST-00079,2025-12-07,3.0,55.76,Wireless Headphones,United Kingdom,167.28
INV-100649,CUST-00080,2025-02-25,2.0,35.78,Office Chair Mat,Canada,71.56
INV-100650,CUST-00080,2025-07-14,2.0,14.24,Notebook Set,United States,28.48
INV-100655,CUST-00081,2025-06-24,1.0,65.56,Reusable Bottle,United States,65.56
INV-100654,CUST-00081,2025-08-16,2.0,77.63,Premium Gift Box,United States,155.26
INV-100653,CUST-00081,2025-08-28,3.0,64.03,Premium Gift Box,United Kingdom,192.09
INV-100652,CUST-00081,2025-09-27,2.0,37.17,Smart Speaker,United States,74.34
INV-100651,CUST-00081,2025-09-30,3.0,23.79,Notebook Set,Germany,71.37
INV-100660,CUST-00082,2025-01-28,4.0,95.46,Premium Gift Box,France,381.84
INV-100657,CUST-00082,2025-03-15,3.0,29.28,Notebook Set,Canada,87.84
INV-100656,CUST-00082,2025-04-17,3.0,89.83,Premium Gift Box,France,269.49
INV-100659,CUST-00082,2025-12-02,5.0,106.94,Premium Gift Box,Germany,534.7
INV-100658,CUST-00082,2025-12-21,1.0,95.15,Wireless Headphones,Canada,95.15
INV-100665,CUST-00083,2025-02-11,3.0,23.99,Office Chair Mat,United States,71.97
INV-100661,CUST-00083,2025-02-18,1.0,48.93,Wireless Headphones,Germany,48.93
INV-100664,CUST-00083,2025-04-19,2.0,16.55,Ceramic Mug,Canada,33.1
INV-100663,CUST-00083,2025-08-01,1.0,33.73,Ceramic Mug,Germany,33.73
INV-100662,CUST-00083,2025-10-14,1.0,55.39,Office Chair Mat,Canada,55.39
INV-100669,CUST-00084,2025-01-18,5.0,114.89,Desk Lamp,Germany,574.45
INV-100672,CUST-00084,2025-09-16,4.0,109.81,Premium Gift Box,France,439.24
INV-100667,CUST-00084,2025-10-14,2.0,49.91,Smart Speaker,United Kingdom,99.82
INV-100670,CUST-00084,2025-10-16,3.0,68.6,Office Chair Mat,Canada,205.79999999999998
INV-100666,CUST-00084,2025-10-22,6.0,90.82,Premium Gift Box,Germany,544.92
INV-100671,CUST-00084,2025-11-28,2.0,72.17,Premium Gift Box,Canada,144.34
INV-100668,CUST-00084,2025-12-05,5.0,24.32,Reusable Bottle,United Kingdom,121.6
INV-100685,CUST-00085,2025-03-02,2.0,48.21,Wireless Headphones,France,96.42
INV-100680,CUST-00085,2025-03-06,4.0,102.83,Ceramic Mug,United Kingdom,411.32
INV-100675,CUST-00085,2025-03-28,7.0,169.1,Notebook Set,France,1183.7
INV-100684,CUST-00085,2025-04-12,2.0,161.44,Wireless Headphones,Germany,322.88
INV-100681,CUST-00085,2025-04-24,3.0,94.89,Office Chair Mat,Canada,284.67
INV-100691,CUST-00085,2025-04-26,7.0,101.51,Desk Lamp,United Kingdom,710.57
INV-100682,CUST-00085,2025-06-08,6.0,67.99,Wireless Headphones,Germany,407.93999999999994
INV-100687,CUST-00085,2025-06-15,7.0,152.4,Notebook Set,France,1066.8
INV-100679,CUST-00085,2025-07-03,7.0,95.86,Premium Gift Box,United States,671.02
INV-100688,CUST-00085,2025-07-07,2.0,178.53,Premium Gift Box,Canada,357.06
INV-100690,CUST-00085,2025-07-11,2.0,134.8,Reusable Bottle,France,269.6
INV-100692,CUST-00085,2025-08-20,4.0,107.4,Premium Gift Box,Canada,429.6
INV-100674,CUST-00085,2025-08-25,3.0,68.56,Desk Lamp,United Kingdom,205.68
INV-100678,CUST-00085,2025-10-16,2.0,122.44,Ceramic Mug,Canada,244.88
INV-100689,CUST-00085,2025-11-07,6.0,51.99,Office Chair Mat,United States,311.94
INV-100677,CUST-00085,2025-12-02,4.0,178.11,Desk Lamp,United States,712.44
INV-100673,CUST-00085,2025-12-03,4.0,69.4,Notebook Set,Germany,277.6
INV-100683,CUST-00085,2025-12-06,5.0,83.89,Smart Speaker,United Kingdom,419.45
INV-100686,CUST-00085,2025-12-11,5.0,76.68,Office Chair Mat,Canada,383.40000000000003
INV-100676,CUST-00085,2025-12-20,8.0,99.44,Wireless Headphones,Germany,795.52
INV-100701,CUST-00086,2025-01-12,3.0,70.58,Premium Gift Box,United Kingdom,211.74
INV-100706,CUST-00086,2025-02-04,8.0,101.28,Ceramic Mug,Canada,810.24
INV-100705,CUST-00086,2025-02-17,4.0,170.81,Premium Gift Box,Germany,683.24
INV-100699,CUST-00086,2025-02-25,6.0,147.07,Office Chair Mat,United States,882.42
INV-100693,CUST-00086,2025-04-22,4.0,78.87,Office Chair Mat,United States,315.48
INV-100703,CUST-00086,2025-04-24,7.0,165.49,Notebook Set,France,1158.43
INV-100695,CUST-00086,2025-06-05,2.0,138.67,Reusable Bottle,France,277.34
INV-100700,CUST-00086,2025-06-10,2.0,125.35,Ceramic Mug,France,250.7
INV-100702,CUST-00086,2025-08-11,5.0,125.52,Ceramic Mug,Germany,627.6
INV-100698,CUST-00086,2025-09-24,2.0,145.99,Wireless Headphones,United Kingdom,291.98
INV-100704,CUST-00086,2025-10-18,3.0,120.04,Smart Speaker,United States,360.12
INV-100697,CUST-00086,2025-11-20,2.0,147.9,Ceramic Mug,France,295.8
INV-100696,CUST-00086,2025-11-26,3.0,65.33,Premium Gift Box,United Kingdom,195.99
INV-100694,CUST-00086,2025-12-17,3.0,162.73,Ceramic Mug,Germany,488.18999999999994
INV-100712,CUST-00087,2025-03-31,1.0,60.28,Office Chair Mat,France,60.28
INV-100713,CUST-00087,2025-06-01,2.0,58.81,Desk Lamp,United Kingdom,117.62
INV-100708,CUST-00087,2025-06-22,1.0,75.2,Wireless Headphones,Germany,75.2
INV-100707,CUST-00087,2025-07-07,2.0,26.57,Wireless Headphones,France,53.14
INV-100709,CUST-00087,2025-11-16,1.0,63.57,Ceramic Mug,France,63.57
INV-100710,CUST-00087,2025-11-26,1.0,60.8,Reusable Bottle,United Kingdom,60.8
INV-100711,CUST-00087,2025-12-07,1.0,54.21,Smart Speaker,United States,54.21
INV-100722,CUST-00088,2025-01-10,6.0,87.91,Desk Lamp,United Kingdom,527.46
INV-100724,CUST-00088,2025-02-07,5.0,79.35,Reusable Bottle,Canada,396.75
INV-100718,CUST-00088,2025-02-25,4.0,78.52,Desk Lamp,Germany,314.08
INV-100717,CUST-00088,2025-03-01,4.0,24.91,Notebook Set,Canada,99.64
INV-100720,CUST-00088,2025-03-16,4.0,73.75,Wireless Headphones,Germany,295.0
INV-100721,CUST-00088,2025-03-23,1.0,47.32,Office Chair Mat,Canada,47.32
INV-100715,CUST-00088,2025-05-01,5.0,119.77,Notebook Set,United Kingdom,598.85
INV-100719,CUST-00088,2025-05-19,5.0,84.15,Desk Lamp,Germany,420.75
INV-100723,CUST-00088,2025-08-08,4.0,42.17,Wireless Headphones,Germany,168.68
INV-100727,CUST-00088,2025-09-02,1.0,34.3,Notebook Set,United Kingdom,34.3
INV-100725,CUST-00088,2025-09-15,3.0,64.63,Office Chair Mat,France,193.89
INV-100714,CUST-00088,2025-12-10,4.0,86.43,Notebook Set,Canada,345.72
INV-100726,CUST-00088,2025-12-18,5.0,71.98,Desk Lamp,United States,359.90000000000003
INV-100716,CUST-00088,2025-12-29,2.0,73.94,Desk Lamp,Canada,147.88
INV-100732,CUST-00089,2025-01-16,2.0,25.09,Notebook Set,France,50.18
INV-100733,CUST-00089,2025-01-29,6.0,72.21,Reusable Bottle,France,433.26
INV-100730,CUST-00089,2025-03-10,6.0,97.25,Notebook Set,France,583.5
INV-100731,CUST-00089,2025-03-14,4.0,80.87,Wireless Headphones,France,323.48
INV-100728,CUST-00089,2025-08-18,6.0,70.52,Reusable Bottle,France,423.12
INV-100729,CUST-00089,2025-10-07,6.0,53.83,Wireless Headphones,United Kingdom,322.98
INV-100738,CUST-00090,2025-03-22,3.0,42.38,Smart Speaker,Canada,127.14000000000001
INV-100734,CUST-00090,2025-05-12,1.0,67.36,Smart Speaker,Canada,67.36
INV-100737,CUST-00090,2025-05-28,4.0,75.59,Wireless Headphones,Canada,302.36
INV-100736,CUST-00090,2025-07-03,4.0,29.4,Office Chair Mat,United Kingdom,117.6
INV-100735,CUST-00090,2025-10-20,1.0,57.81,Office Chair Mat,France,57.81
INV-100743,CUST-00091,2025-02-02,3.0,111.34,Ceramic Mug,United Kingdom,334.02
INV-100744,CUST-00091,2025-02-06,6.0,83.13,Office Chair Mat,Canada,498.78
INV-100740,CUST-00091,2025-03-02,3.0,42.67,Ceramic Mug,France,128.01
INV-100747,CUST-00091,2025-03-22,1.0,21.24,Notebook Set,France,21.24
INV-100745,CUST-00091,2025-05-20,4.0,89.05,Smart Speaker,Canada,356.2
INV-100742,CUST-00091,2025-06-09,5.0,82.62,Desk Lamp,United States,413.1
INV-100741,CUST-00091,2025-06-15,6.0,36.32,Ceramic Mug,United States,217.92000000000002
INV-100748,CUST-00091,2025-06-29,2.0,63.7,Premium Gift Box,Canada,127.4
INV-100750,CUST-00091,2025-08-17,1.0,37.29,Reusable Bottle,Germany,37.29
INV-100749,CUST-00091,2025-08-30,5.0,72.75,Ceramic Mug,France,363.75
INV-100751,CUST-00091,2025-09-06,6.0,74.33,Desk Lamp,United States,445.98
INV-100739,CUST-00091,2025-11-18,2.0,43.27,Wireless Headphones,United States,86.54
INV-100746,CUST-00091,2025-12-26,1.0,78.56,Reusable Bottle,United Kingdom,78.56
INV-100755,CUST-00092,2025-05-22,3.0,62.27,Ceramic Mug,Canada,186.81
INV-100753,CUST-00092,2025-06-15,3.0,11.75,Ceramic Mug,United States,35.25
INV-100754,CUST-00092,2025-09-30,2.0,12.17,Office Chair Mat,Germany,24.34
INV-100752,CUST-00092,2025-11-22,3.0,76.5,Desk Lamp,United States,229.5
INV-100761,CUST-00093,2025-01-28,3.0,103.62,Wireless Headphones,United States,310.86
INV-100765,CUST-00093,2025-02-09,5.0,32.44,Smart Speaker,France,162.2
INV-100759,CUST-00093,2025-03-06,3.0,81.99,Premium Gift Box,United States,245.96999999999997
INV-100760,CUST-00093,2025-04-22,5.0,32.23,Office Chair Mat,United Kingdom,161.14999999999998
INV-100756,CUST-00093,2025-05-26,2.0,24.13,Notebook Set,Germany,48.26
INV-100764,CUST-00093,2025-07-20,1.0,96.77,Notebook Set,Germany,96.77
INV-100763,CUST-00093,2025-07-22,6.0,36.6,Desk Lamp,United States,219.60000000000002
INV-100766,CUST-00093,2025-09-15,5.0,28.87,Reusable Bottle,United States,144.35
INV-100757,CUST-00093,2025-11-25,3.0,119.56,Smart Speaker,United States,358.68
INV-100762,CUST-00093,2025-12-04,5.0,20.39,Ceramic Mug,Germany,101.95
INV-100758,CUST-00093,2025-12-26,4.0,95.1,Premium Gift Box,Canada,380.4
INV-100767,CUST-00094,2025-01-25,6.0,115.07,Notebook Set,Canada,690.42
INV-100774,CUST-00094,2025-02-02,6.0,107.75,Reusable Bottle,France,646.5
INV-100768,CUST-00094,2025-03-02,5.0,65.67,Smart Speaker,Germany,328.35
INV-100770,CUST-00094,2025-03-14,2.0,86.61,Wireless Headphones,United States,173.22
INV-100769,CUST-00094,2025-07-06,1.0,34.42,Notebook Set,Germany,34.42
INV-100775,CUST-00094,2025-08-26,2.0,113.18,Reusable Bottle,Canada,226.36
INV-100772,CUST-00094,2025-09-09,5.0,47.11,Ceramic Mug,Canada,235.55
INV-100771,CUST-00094,2025-09-12,6.0,101.93,Premium Gift Box,Canada,611.58
INV-100773,CUST-00094,2025-09-13,2.0,106.09,Premium Gift Box,France,212.18
INV-100781,CUST-00095,2025-04-15,5.0,77.49,Office Chair Mat,United States,387.45
INV-100779,CUST-00095,2025-06-25,2.0,66.44,Notebook Set,Germany,132.88
INV-100778,CUST-00095,2025-07-04,5.0,83.02,Reusable Bottle,Germany,415.09999999999997
INV-100776,CUST-00095,2025-07-31,5.0,54.26,Premium Gift Box,United Kingdom,271.3
INV-100777,CUST-00095,2025-09-17,5.0,28.24,Ceramic Mug,Canada,141.2
INV-100780,CUST-00095,2025-10-16,2.0,39.84,Office Chair Mat,Germany,79.68
INV-100783,CUST-00096,2025-01-30,4.0,56.52,Ceramic Mug,France,226.08
INV-100788,CUST-00096,2025-02-02,2.0,27.22,Ceramic Mug,Canada,54.44
INV-100787,CUST-00096,2025-03-29,1.0,68.85,Smart Speaker,United States,68.85
INV-100785,CUST-00096,2025-08-10,3.0,41.7,Reusable Bottle,France,125.10000000000001
INV-100782,CUST-00096,2025-09-26,2.0,71.71,Desk Lamp,Germany,143.42
INV-100786,CUST-00096,2025-10-17,2.0,49.58,Premium Gift Box,United Kingdom,99.16
INV-100784,CUST-00096,2025-12-07,4.0,39.41,Ceramic Mug,France,157.64
INV-100798,CUST-00097,2025-02-16,2.0,107.49,Reusable Bottle,United Kingdom,214.98
INV-100793,CUST-00097,2025-03-09,5.0,54.14,Smart Speaker,Germany,270.7
INV-100789,CUST-00097,2025-03-13,3.0,27.01,Reusable Bottle,Germany,81.03
INV-100794,CUST-00097,2025-03-15,4.0,35.35,Office Chair Mat,United Kingdom,141.4
INV-100795,CUST-00097,2025-06-02,4.0,93.92,Desk Lamp,United States,375.68
INV-100792,CUST-00097,2025-06-03,2.0,67.21,Premium Gift Box,Germany,134.42
INV-100790,CUST-00097,2025-06-05,3.0,81.43,Notebook Set,Canada,244.29000000000002
INV-100797,CUST-00097,2025-06-28,1.0,58.13,Reusable Bottle,United Kingdom,58.13
INV-100791,CUST-00097,2025-07-22,2.0,67.19,Notebook Set,United States,134.38
INV-100796,CUST-00097,2025-10-06,5.0,45.51,Smart Speaker,Canada,227.54999999999998
INV-100800,CUST-00098,2025-01-25,8.0,137.98,Smart Speaker,Canada,1103.84
INV-100809,CUST-00098,2025-02-28,7.0,63.45,Ceramic Mug,United States,444.15000000000003
INV-100799,CUST-00098,2025-03-15,7.0,49.34,Reusable Bottle,United States,345.38
INV-100808,CUST-00098,2025-05-03,4.0,67.67,Desk Lamp,Germany,270.68
INV-100806,CUST-00098,2025-06-23,8.0,46.64,Notebook Set,Canada,373.12
INV-100807,CUST-00098,2025-06-26,5.0,154.01,Desk Lamp,United States,770.05
INV-100810,CUST-00098,2025-06-26,8.0,45.37,Smart Speaker,United States,362.96
INV-100803,CUST-00098,2025-08-25,3.0,131.78,Office Chair Mat,France,395.34000000000003
INV-100804,CUST-00098,2025-12-05,3.0,78.71,Office Chair Mat,United Kingdom,236.13
INV-100805,CUST-00098,2025-12-21,8.0,75.56,Desk Lamp,Canada,604.48
INV-100801,CUST-00098,2025-12-22,4.0,154.66,Premium Gift Box,Germany,618.64
INV-100802,CUST-00098,2025-12-24,5.0,165.49,Desk Lamp,United States,827.45
INV-100822,CUST-00099,2025-01-22,5.0,136.17,Notebook Set,United Kingdom,680.8499999999999
INV-100819,CUST-00099,2025-02-18,5.0,136.01,Smart Speaker,Canada,680.05
INV-100814,CUST-00099,2025-02-27,5.0,148.25,Ceramic Mug,France,741.25
INV-100813,CUST-00099,2025-04-18,2.0,57.57,Premium Gift Box,United States,115.14
INV-100811,CUST-00099,2025-06-12,2.0,81.73,Desk Lamp,Canada,163.46
INV-100820,CUST-00099,2025-06-23,5.0,169.08,Smart Speaker,Germany,845.4000000000001
INV-100812,CUST-00099,2025-07-17,7.0,116.5,Ceramic Mug,United States,815.5
INV-100815,CUST-00099,2025-08-22,5.0,72.85,Office Chair Mat,Germany,364.25
INV-100817,CUST-00099,2025-10-10,2.0,158.05,Smart Speaker,United Kingdom,316.1
INV-100816,CUST-00099,2025-10-25,7.0,49.45,Notebook Set,France,346.15000000000003
INV-100821,CUST-00099,2025-11-25,6.0,54.78,Desk Lamp,Canada,328.68
INV-100818,CUST-00099,2025-12-02,5.0,152.66,Reusable Bottle,France,763.3
INV-100823,CUST-00100,2025-03-09,3.0,12.28,Desk Lamp,Germany,36.839999999999996
INV-100825,CUST-00100,2025-05-26,2.0,34.19,Premium Gift Box,Canada,68.38
INV-100824,CUST-00100,2025-10-13,3.0,7.2,Ceramic Mug,Germany,21.6
INV-100826,CUST-00100,2025-11-25,1.0,11.08,Notebook Set,United Kingdom,11.08
INV-100830,CUST-00101,2025-03-02,3.0,38.29,Wireless Headphones,United States,114.87
INV-100829,CUST-00101,2025-06-18,2.0,22.34,Reusable Bottle,Canada,44.68
INV-100828,CUST-00101,2025-10-14,3.0,35.91,Smart Speaker,Germany,107.72999999999999
INV-100827,CUST-00101,2025-11-24,1.0,20.81,Smart Speaker,United States,20.81
INV-100836,CUST-00102,2025-02-06,1.0,13.15,Ceramic Mug,France,13.15
INV-100832,CUST-00102,2025-02-25,2.0,57.56,Office Chair Mat,Germany,115.12
INV-100831,CUST-00102,2025-03-12,4.0,50.58,Premium Gift Box,Germany,202.32
INV-100835,CUST-00102,2025-05-13,2.0,61.17,Office Chair Mat,United Kingdom,122.34
INV-100834,CUST-00102,2025-07-20,3.0,18.33,Desk Lamp,United States,54.989999999999995
INV-100833,CUST-00102,2025-08-31,4.0,44.47,Premium Gift Box,United Kingdom,177.88
INV-100837,CUST-00102,2025-10-17,3.0,12.8,Notebook Set,United Kingdom,38.400000000000006
INV-100841,CUST-00103,2025-01-09,6.0,66.52,Smart Speaker,United States,399.12
INV-100844,CUST-00103,2025-03-06,5.0,84.32,Smart Speaker,France,421.59999999999997
INV-100840,CUST-00103,2025-04-28,4.0,115.59,Wireless Headphones,France,462.36
INV-100845,CUST-00103,2025-05-09,3.0,57.17,Desk Lamp,Germany,171.51
INV-100838,CUST-00103,2025-06-11,4.0,79.67,Desk Lamp,United States,318.68
INV-100839,CUST-00103,2025-07-26,1.0,48.78,Reusable Bottle,Germany,48.78
INV-100842,CUST-00103,2025-10-12,5.0,93.64,Office Chair Mat,United Kingdom,468.2
INV-100843,CUST-00103,2025-10-12,6.0,66.28,Notebook Set,United States,397.68
INV-100846,CUST-00103,2025-12-15,2.0,63.3,Office Chair Mat,Canada,126.6
INV-100848,CUST-00104,2025-02-12,1.0,7.89,Wireless Headphones,Germany,7.89
INV-100847,CUST-00104,2025-03-30,1.0,14.42,Desk Lamp,Canada,14.42
INV-100851,CUST-00105,2025-01-24,2.0,40.22,Smart Speaker,United Kingdom,80.44
INV-100850,CUST-00105,2025-03-10,2.0,63.06,Desk Lamp,United States,126.12
INV-100852,CUST-00105,2025-04-03,1.0,39.01,Notebook Set,Germany,39.01
INV-100853,CUST-00105,2025-06-23,1.0,17.3,Desk Lamp,Canada,17.3
INV-100854,CUST-00105,2025-08-02,4.0,38.73,Wireless Headphones,Germany,154.92
INV-100849,CUST-00105,2025-08-16,3.0,40.19,Notebook Set,United States,120.57
INV-100857,CUST-00106,2025-01-30,1.0,25.18,Wireless Headphones,United States,25.18
INV-100856,CUST-00106,2025-02-10,2.0,11.42,Notebook Set,United States,22.84
INV-100855,CUST-00106,2025-09-13,4.0,12.54,Office Chair Mat,Germany,50.16
INV-100858,CUST-00106,2025-11-09,2.0,47.03,Premium Gift Box,United Kingdom,94.06
INV-100859,CUST-00106,2025-11-16,1.0,16.55,Desk Lamp,Canada,16.55
INV-100866,CUST-00107,2025-01-27,2.0,119.71,Ceramic Mug,Canada,239.42
INV-100865,CUST-00107,2025-05-19,4.0,58.4,Notebook Set,Canada,233.6
INV-100863,CUST-00107,2025-05-21,4.0,118.67,Premium Gift Box,Germany,474.68
INV-100867,CUST-00107,2025-08-15,5.0,116.79,Smart Speaker,Canada,583.95
INV-100860,CUST-00107,2025-09-03,3.0,42.18,Premium Gift Box,Canada,126.53999999999999
INV-100862,CUST-00107,2025-11-15,2.0,118.13,Ceramic Mug,Canada,236.26
INV-100864,CUST-00107,2025-11-29,3.0,40.4,Reusable Bottle,France,121.19999999999999
INV-100861,CUST-00107,2025-12-23,3.0,30.83,Reusable Bottle,Germany,92.49
INV-100869,CUST-00108,2025-02-17,1.0,73.34,Ceramic Mug,Germany,73.34
INV-100872,CUST-00108,2025-03-23,6.0,20.75,Office Chair Mat,United Kingdom,124.5
INV-100868,CUST-00108,2025-08-05,6.0,76.78,Premium Gift Box,Germany,460.68
INV-100871,CUST-00108,2025-09-30,6.0,23.45,Desk Lamp,Germany,140.7
INV-100870,CUST-00108,2025-11-18,3.0,35.5,Office Chair Mat,United States,106.5
INV-100883,CUST-00109,2025-02-02,7.0,90.41,Premium Gift Box,Germany,632.87
INV-100881,CUST-00109,2025-03-16,2.0,163.16,Reusable Bottle,France,326.32
INV-100875,CUST-00109,2025-04-22,5.0,73.03,Premium Gift Box,France,365.15
INV-100874,CUST-00109,2025-04-27,4.0,94.3,Premium Gift Box,United States,377.2
INV-100873,CUST-00109,2025-04-30,6.0,124.62,Wireless Headphones,United States,747.72
INV-100876,CUST-00109,2025-06-10,7.0,135.02,Reusable Bottle,Germany,945.1400000000001
INV-100877,CUST-00109,2025-07-13,7.0,56.59,Desk Lamp,France,396.13
INV-100880,CUST-00109,2025-09-19,7.0,88.79,Notebook Set,Canada,621.5300000000001
INV-100878,CUST-00109,2025-10-03,6.0,178.19,Wireless Headphones,France,1069.1399999999999
INV-100879,CUST-00109,2025-10-12,2.0,67.77,Office Chair Mat,Germany,135.54
INV-100882,CUST-00109,2025-11-06,2.0,64.97,Office Chair Mat,Canada,129.94
INV-100884,CUST-00110,2025-06-24,1.0,16.16,Smart Speaker,France,16.16
INV-100890,CUST-00111,2025-03-08,2.0,91.0,Smart Speaker,United States,182.0
INV-100885,CUST-00111,2025-03-16,4.0,30.08,Reusable Bottle,Germany,120.32
INV-100886,CUST-00111,2025-05-30,1.0,74.29,Desk Lamp,United States,74.29
INV-100887,CUST-00111,2025-09-06,6.0,77.38,Desk Lamp,France,464.28
INV-100888,CUST-00111,2025-10-26,2.0,85.08,Notebook Set,United States,170.16
INV-100889,CUST-00111,2025-11-15,2.0,70.57,Reusable Bottle,Canada,141.14
INV-100894,CUST-00112,2025-01-26,1.0,81.04,Premium Gift Box,Germany,81.04
INV-100895,CUST-00112,2025-01-28,5.0,50.95,Reusable Bottle,Canada,254.75
INV-100896,CUST-00112,2025-02-19,4.0,67.29,Office Chair Mat,Germany,269.16
INV-100901,CUST-00112,2025-03-31,5.0,49.29,Desk Lamp,France,246.45
INV-100893,CUST-00112,2025-04-04,2.0,26.07,Reusable Bottle,Canada,52.14
INV-100892,CUST-00112,2025-04-05,1.0,80.63,Ceramic Mug,United Kingdom,80.63
INV-100900,CUST-00112,2025-05-06,4.0,31.08,Desk Lamp,United Kingdom,124.32
INV-100898,CUST-00112,2025-05-20,5.0,79.41,Notebook Set,United States,397.04999999999995
INV-100891,CUST-00112,2025-05-23,6.0,81.36,Office Chair Mat,United States,488.15999999999997
INV-100902,CUST-00112,2025-07-07,5.0,89.82,Premium Gift Box,United States,449.09999999999997
INV-100899,CUST-00112,2025-09-20,5.0,28.45,Notebook Set,Germany,142.25
INV-100897,CUST-00112,2025-11-13,2.0,117.92,Office Chair Mat,United Kingdom,235.84
INV-100913,CUST-00113,2025-01-10,2.0,84.25,Notebook Set,Germany,168.5
INV-100914,CUST-00113,2025-01-31,5.0,108.66,Ceramic Mug,Canada,543.3
INV-100907,CUST-00113,2025-02-22,1.0,57.8,Premium Gift Box,Canada,57.8
INV-100908,CUST-00113,2025-03-19,3.0,45.39,Wireless Headphones,United States,136.17000000000002
INV-100912,CUST-00113,2025-03-28,3.0,94.95,Notebook Set,United States,284.85
INV-100905,CUST-00113,2025-04-05,4.0,77.07,Notebook Set,United Kingdom,308.28
INV-100903,CUST-00113,2025-04-17,5.0,29.16,Reusable Bottle,Canada,145.8
INV-100911,CUST-00113,2025-05-14,6.0,112.43,Notebook Set,Germany,674.58
INV-100910,CUST-00113,2025-05-21,6.0,38.43,Wireless Headphones,Canada,230.57999999999998
INV-100904,CUST-00113,2025-09-04,3.0,59.33,Ceramic Mug,United States,177.99
INV-100906,CUST-00113,2025-09-08,3.0,46.69,Ceramic Mug,France,140.07
INV-100909,CUST-00113,2025-10-09,1.0,90.61,Reusable Bottle,Germany,90.61
INV-100915,CUST-00113,2025-11-26,5.0,98.28,Smart Speaker,Germany,491.4
INV-100916,CUST-00114,2025-02-20,2.0,53.21,Ceramic Mug,United Kingdom,106.42
INV-100917,CUST-00114,2025-02-27,1.0,28.89,Ceramic Mug,Canada,28.89
INV-100918,CUST-00114,2025-03-14,2.0,27.11,Ceramic Mug,France,54.22
INV-100920,CUST-00114,2025-05-08,1.0,61.21,Wireless Headphones,Canada,61.21
INV-100919,CUST-00114,2025-09-06,2.0,41.22,Reusable Bottle,Canada,82.44
INV-100928,CUST-00115,2025-02-01,2.0,116.46,Office Chair Mat,United Kingdom,232.92
INV-100922,CUST-00115,2025-04-12,1.0,110.68,Office Chair Mat,Germany,110.68
INV-100925,CUST-00115,2025-05-06,2.0,96.1,Office Chair Mat,Canada,192.2
INV-100927,CUST-00115,2025-06-15,5.0,107.48,Reusable Bottle,United Kingdom,537.4
INV-100923,CUST-00115,2025-08-31,1.0,80.88,Premium Gift Box,Germany,80.88
INV-100926,CUST-00115,2025-09-07,6.0,65.36,Ceramic Mug,Germany,392.15999999999997
INV-100924,CUST-00115,2025-09-25,2.0,31.39,Ceramic Mug,United States,62.78
INV-100921,CUST-00115,2025-12-26,4.0,101.58,Reusable Bottle,Canada,406.32
INV-100929,CUST-00116,2025-02-06,1.0,8.76,Desk Lamp,United States,8.76
INV-100930,CUST-00116,2025-05-20,1.0,12.65,Reusable Bottle,France,12.65
INV-100933,CUST-00117,2025-05-10,2.0,75.64,Ceramic Mug,United States,151.28
INV-100932,CUST-00117,2025-05-12,1.0,33.2,Smart Speaker,Germany,33.2
INV-100931,CUST-00117,2025-10-21,1.0,63.26,Reusable Bottle,United States,63.26
INV-100936,CUST-00118,2025-03-29,3.0,28.94,Reusable Bottle,United States,86.82000000000001
INV-100934,CUST-00118,2025-04-28,2.0,59.78,Premium Gift Box,Germany,119.56
INV-100935,CUST-00118,2025-12-30,2.0,54.27,Ceramic Mug,United Kingdom,108.54
INV-100940,CUST-00119,2025-01-22,1.0,110.11,Notebook Set,Canada,110.11
INV-100945,CUST-00119,2025-03-05,3.0,93.51,Smart Speaker,United Kingdom,280.53000000000003
INV-100943,CUST-00119,2025-03-24,1.0,50.33,Notebook Set,Canada,50.33
INV-100942,CUST-00119,2025-03-29,4.0,25.68,Office Chair Mat,United Kingdom,102.72
INV-100946,CUST-00119,2025-04-16,1.0,38.38,Office Chair Mat,United States,38.38
INV-100939,CUST-00119,2025-06-17,2.0,88.89,Ceramic Mug,Germany,177.78
INV-100938,CUST-00119,2025-07-19,1.0,39.3,Ceramic Mug,United States,39.3
INV-100944,CUST-00119,2025-10-30,3.0,26.37,Reusable Bottle,United States,79.11
INV-100937,CUST-00119,2025-11-02,6.0,53.13,Desk Lamp,Germany,318.78000000000003
INV-100941,CUST-00119,2025-11-26,5.0,92.14,Wireless Headphones,Canada,460.7
INV-100947,CUST-00119,2025-12-31,1.0,55.39,Premium Gift Box,France,55.39
INV-100949,CUST-00120,2025-02-24,1.0,74.12,Notebook Set,United States,74.12
INV-100948,CUST-00120,2025-08-09,1.0,33.22,Wireless Headphones,United Kingdom,33.22
INV-100950,CUST-00121,2025-01-08,1.0,19.98,Reusable Bottle,United Kingdom,19.98
INV-100951,CUST-00121,2025-04-15,1.0,58.35,Premium Gift Box,United States,58.35
INV-100954,CUST-00121,2025-04-17,3.0,57.46,Reusable Bottle,United States,172.38
INV-100953,CUST-00121,2025-05-26,2.0,57.04,Reusable Bottle,United Kingdom,114.08
INV-100952,CUST-00121,2025-11-26,1.0,15.36,Ceramic Mug,France,15.36
INV-100955,CUST-00121,2025-12-17,1.0,35.53,Office Chair Mat,Germany,35.53
INV-100957,CUST-00122,2025-03-10,2.0,22.16,Wireless Headphones,United Kingdom,44.32
INV-100956,CUST-00122,2025-12-18,3.0,75.59,Office Chair Mat,United States,226.77
INV-100975,CUST-00123,2025-01-18,3.0,92.95,Desk Lamp,Germany,278.85
INV-100977,CUST-00123,2025-01-31,7.0,60.5,Desk Lamp,France,423.5
INV-100979,CUST-00123,2025-02-14,4.0,176.13,Notebook Set,Canada,704.52
INV-100970,CUST-00123,2025-03-11,2.0,138.9,Office Chair Mat,United Kingdom,277.8
INV-100967,CUST-00123,2025-03-19,8.0,64.77,Premium Gift Box,France,518.16
INV-100963,CUST-00123,2025-03-29,4.0,168.75,Reusable Bottle,Germany,675.0
INV-100968,CUST-00123,2025-04-03,3.0,46.75,Desk Lamp,France,140.25
INV-100964,CUST-00123,2025-05-09,5.0,101.26,Reusable Bottle,United Kingdom,506.3
INV-100961,CUST-00123,2025-05-10,7.0,119.93,Notebook Set,Canada,839.51
INV-100978,CUST-00123,2025-06-12,4.0,153.26,Desk Lamp,Germany,613.04
INV-100973,CUST-00123,2025-07-25,3.0,114.97,Wireless Headphones,United States,344.90999999999997
INV-100976,CUST-00123,2025-09-05,6.0,121.0,Reusable Bottle,Germany,726.0
INV-100969,CUST-00123,2025-09-20,2.0,82.02,Desk Lamp,Canada,164.04
INV-100972,CUST-00123,2025-10-22,4.0,110.27,Smart Speaker,United Kingdom,441.08
INV-100959,CUST-00123,2025-11-09,6.0,71.33,Desk Lamp,Germany,427.98
INV-100971,CUST-00123,2025-11-11,7.0,136.42,Office Chair Mat,Canada,954.9399999999999
INV-100974,CUST-00123,2025-11-25,5.0,62.89,Ceramic Mug,Canada,314.45
INV-100962,CUST-00123,2025-11-27,5.0,170.79,Ceramic Mug,Canada,853.9499999999999
INV-100966,CUST-00123,2025-11-27,6.0,139.67,Desk Lamp,France,838.02
INV-100958,CUST-00123,2025-12-02,8.0,161.65,Smart Speaker,United Kingdom,1293.2
INV-100960,CUST-00123,2025-12-22,3.0,139.49,Premium Gift Box,United States,418.47
INV-100965,CUST-00123,2025-12-30,3.0,59.78,Wireless Headphones,France,179.34
INV-100985,CUST-00124,2025-01-09,5.0,115.15,Desk Lamp,United Kingdom,575.75
INV-100989,CUST-00124,2025-01-18,1.0,86.46,Notebook Set,United Kingdom,86.46
INV-100986,CUST-00124,2025-01-24,6.0,79.48,Ceramic Mug,Germany,476.88
INV-100984,CUST-00124,2025-03-01,3.0,42.81,Notebook Set,United Kingdom,128.43
INV-100987,CUST-00124,2025-04-24,5.0,90.41,Premium Gift Box,France,452.04999999999995
INV-100980,CUST-00124,2025-08-03,2.0,68.9,Smart Speaker,United Kingdom,137.8
INV-100981,CUST-00124,2025-09-22,5.0,30.14,Office Chair Mat,United States,150.7
INV-100982,CUST-00124,2025-09-23,4.0,24.3,Wireless Headphones,United Kingdom,97.2
INV-100988,CUST-00124,2025-10-27,3.0,73.34,Ceramic Mug,United States,220.02
INV-100983,CUST-00124,2025-11-04,5.0,27.18,Wireless Headphones,Canada,135.9
INV-100997,CUST-00125,2025-01-02,2.0,51.39,Smart Speaker,France,102.78
INV-100996,CUST-00125,2025-01-22,5.0,79.55,Desk Lamp,France,397.75
INV-100993,CUST-00125,2025-04-13,7.0,111.36,Premium Gift Box,United States,779.52
INV-100991,CUST-00125,2025-05-13,2.0,101.84,Smart Speaker,United Kingdom,203.68
INV-100995,CUST-00125,2025-07-04,8.0,48.57,Notebook Set,United Kingdom,388.56
INV-100994,CUST-00125,2025-07-07,2.0,147.1,Reusable Bottle,France,294.2
INV-100990,CUST-00125,2025-09-22,2.0,70.75,Wireless Headphones,France,141.5
INV-100992,CUST-00125,2025-11-29,2.0,92.62,Notebook Set,Germany,185.24
INV-100999,CUST-00125,2025-12-05,2.0,171.48,Reusable Bottle,Canada,342.96
INV-100998,CUST-00125,2025-12-09,3.0,125.95,Wireless Headphones,United States,377.85
INV-101005,CUST-00126,2025-02-11,4.0,42.3,Wireless Headphones,France,169.2
INV-101003,CUST-00126,2025-03-16,5.0,100.13,Premium Gift Box,Germany,500.65
INV-101002,CUST-00126,2025-03-18,2.0,21.25,Reusable Bottle,Canada,42.5
INV-101000,CUST-00126,2025-03-20,4.0,49.19,Notebook Set,United Kingdom,196.76
INV-101008,CUST-00126,2025-06-10,6.0,49.23,Reusable Bottle,Canada,295.38
INV-101006,CUST-00126,2025-07-09,2.0,22.62,Wireless Headphones,United States,45.24
INV-101007,CUST-00126,2025-07-20,3.0,55.13,Desk Lamp,Canada,165.39000000000001
INV-101004,CUST-00126,2025-10-20,6.0,60.65,Wireless Headphones,France,363.9
INV-101001,CUST-00126,2025-10-22,5.0,30.18,Wireless Headphones,United Kingdom,150.9
INV-101009,CUST-00126,2025-10-24,3.0,102.18,Desk Lamp,United Kingdom,306.54
INV-101011,CUST-00127,2025-03-17,1.0,97.38,Premium Gift Box,United States,97.38
INV-101015,CUST-00127,2025-04-29,2.0,51.81,Smart Speaker,United Kingdom,103.62
INV-101012,CUST-00127,2025-08-11,6.0,31.61,Wireless Headphones,France,189.66
INV-101014,CUST-00127,2025-08-24,4.0,68.06,Premium Gift Box,Canada,272.24
INV-101010,CUST-00127,2025-11-24,5.0,87.19,Premium Gift Box,France,435.95
INV-101013,CUST-00127,2025-12-17,1.0,69.55,Desk Lamp,United States,69.55
INV-101024,CUST-00128,2025-01-14,5.0,172.51,Premium Gift Box,Canada,862.55
INV-101027,CUST-00128,2025-02-20,8.0,55.1,Smart Speaker,United Kingdom,440.8
INV-101017,CUST-00128,2025-04-25,4.0,138.7,Desk Lamp,Germany,554.8
INV-101023,CUST-00128,2025-05-03,5.0,72.36,Premium Gift Box,Germany,361.8
INV-101021,CUST-00128,2025-05-06,8.0,106.41,Desk Lamp,France,851.28
INV-101019,CUST-00128,2025-06-22,2.0,160.45,Wireless Headphones,United Kingdom,320.9
INV-101029,CUST-00128,2025-06-22,7.0,115.66,Notebook Set,France,809.62
INV-101018,CUST-00128,2025-08-09,2.0,104.54,Wireless Headphones,France,209.08
INV-101020,CUST-00128,2025-08-21,5.0,102.29,Premium Gift Box,United Kingdom,511.45000000000005
INV-101016,CUST-00128,2025-09-22,6.0,125.52,Ceramic Mug,United States,753.12
INV-101026,CUST-00128,2025-10-05,8.0,48.83,Ceramic Mug,Germany,390.64
INV-101025,CUST-00128,2025-11-10,3.0,63.67,Notebook Set,Germany,191.01
INV-101028,CUST-00128,2025-12-04,6.0,132.48,Office Chair Mat,United Kingdom,794.8799999999999
INV-101022,CUST-00128,2025-12-19,4.0,161.95,Notebook Set,France,647.8
INV-101038,CUST-00129,2025-01-29,4.0,120.94,Office Chair Mat,United Kingdom,483.76
INV-101030,CUST-00129,2025-02-15,7.0,114.65,Office Chair Mat,United States,802.5500000000001
INV-101035,CUST-00129,2025-02-25,3.0,91.21,Office Chair Mat,United States,273.63
INV-101032,CUST-00129,2025-05-06,8.0,114.01,Ceramic Mug,Canada,912.08
INV-101036,CUST-00129,2025-05-06,2.0,65.82,Notebook Set,United States,131.64
INV-101034,CUST-00129,2025-05-20,2.0,52.74,Office Chair Mat,United Kingdom,105.48
INV-101039,CUST-00129,2025-06-12,8.0,78.47,Reusable Bottle,Germany,627.76
INV-101037,CUST-00129,2025-06-22,6.0,163.59,Wireless Headphones,Germany,981.54
INV-101031,CUST-00129,2025-10-01,8.0,58.61,Premium Gift Box,Germany,468.88
INV-101033,CUST-00129,2025-12-12,5.0,76.33,Desk Lamp,Canada,381.65
INV-101041,CUST-00130,2025-07-24,1.0,51.74,Desk Lamp,United States,51.74
INV-101040,CUST-00130,2025-11-07,3.0,33.01,Notebook Set,United States,99.03
INV-101047,CUST-00131,2025-01-24,2.0,22.04,Reusable Bottle,United Kingdom,44.08
INV-101043,CUST-00131,2025-02-15,1.0,87.91,Desk Lamp,Germany,87.91
INV-101048,CUST-00131,2025-03-18,2.0,98.96,Notebook Set,United States,197.92
INV-101050,CUST-00131,2025-03-18,1.0,50.13,Premium Gift Box,Canada,50.13
INV-101044,CUST-00131,2025-03-31,2.0,102.16,Desk Lamp,United Kingdom,204.32
INV-101045,CUST-00131,2025-04-24,5.0,20.1,Premium Gift Box,United Kingdom,100.5
INV-101053,CUST-00131,2025-06-13,5.0,102.67,Notebook Set,Canada,513.35
INV-101052,CUST-00131,2025-07-22,5.0,60.95,Premium Gift Box,United States,304.75
INV-101051,CUST-00131,2025-09-10,5.0,63.92,Reusable Bottle,Canada,319.6
INV-101042,CUST-00131,2025-10-24,1.0,56.44,Wireless Headphones,United Kingdom,56.44
INV-101046,CUST-00131,2025-12-19,1.0,98.23,Reusable Bottle,United States,98.23
INV-101049,CUST-00131,2025-12-29,3.0,95.13,Desk Lamp,United Kingdom,285.39
INV-101056,CUST-00132,2025-06-15,3.0,38.74,Ceramic Mug,Germany,116.22
INV-101055,CUST-00132,2025-08-30,3.0,42.72,Reusable Bottle,Canada,128.16
INV-101057,CUST-00132,2025-09-11,3.0,14.39,Premium Gift Box,Canada,43.17
INV-101054,CUST-00132,2025-10-30,3.0,30.39,Desk Lamp,Canada,91.17
INV-101060,CUST-00133,2025-04-14,3.0,37.44,Office Chair Mat,Canada,112.32
INV-101059,CUST-00133,2025-05-23,2.0,67.14,Ceramic Mug,United States,134.28
INV-101058,CUST-00133,2025-05-31,4.0,69.92,Wireless Headphones,Canada,279.68
INV-101070,CUST-00134,2025-01-26,1.0,103.76,Reusable Bottle,Canada,103.76
INV-101061,CUST-00134,2025-02-07,3.0,77.05,Notebook Set,United Kingdom,231.14999999999998
INV-101066,CUST-00134,2025-02-10,5.0,80.94,Office Chair Mat,United Kingdom,404.7
INV-101069,CUST-00134,2025-03-16,4.0,63.23,Smart Speaker,United Kingdom,252.92
INV-101063,CUST-00134,2025-04-05,3.0,100.99,Premium Gift Box,Germany,302.96999999999997
INV-101062,CUST-00134,2025-05-23,4.0,91.82,Wireless Headphones,Canada,367.28
INV-101068,CUST-00134,2025-05-24,6.0,30.97,Premium Gift Box,United States,185.82
INV-101073,CUST-00134,2025-05-24,2.0,79.22,Office Chair Mat,United Kingdom,158.44
INV-101071,CUST-00134,2025-07-08,1.0,21.65,Wireless Headphones,Canada,21.65
INV-101064,CUST-00134,2025-07-16,2.0,115.91,Premium Gift Box,Germany,231.82
INV-101065,CUST-00134,2025-11-16,6.0,117.13,Notebook Set,France,702.78
INV-101067,CUST-00134,2025-12-06,4.0,96.54,Premium Gift Box,Canada,386.16
INV-101072,CUST-00134,2025-12-30,1.0,90.51,Desk Lamp,Germany,90.51
INV-101075,CUST-00135,2025-02-12,2.0,33.1,Ceramic Mug,Germany,66.2
INV-101076,CUST-00135,2025-07-13,2.0,79.84,Notebook Set,United Kingdom,159.68
INV-101074,CUST-00135,2025-09-12,2.0,48.09,Reusable Bottle,Canada,96.18
INV-101085,CUST-00136,2025-02-11,5.0,88.51,Premium Gift Box,United States,442.55
INV-101081,CUST-00136,2025-05-26,5.0,167.11,Reusable Bottle,United Kingdom,835.5500000000001
INV-101080,CUST-00136,2025-06-28,6.0,114.43,Premium Gift Box,Germany,686.58
INV-101082,CUST-00136,2025-09-16,8.0,154.65,Office Chair Mat,France,1237.2
INV-101078,CUST-00136,2025-09-20,4.0,115.1,Desk Lamp,United States,460.4
INV-101077,CUST-00136,2025-10-04,7.0,161.6,Smart Speaker,Canada,1131.2
INV-101084,CUST-00136,2025-10-27,7.0,63.96,Ceramic Mug,United States,447.72
INV-101087,CUST-00136,2025-11-05,2.0,148.37,Smart Speaker,Germany,296.74
INV-101086,CUST-00136,2025-11-10,7.0,79.65,Smart Speaker,Germany,557.5500000000001
INV-101079,CUST-00136,2025-12-17,7.0,112.27,Premium Gift Box,France,785.89
INV-101083,CUST-00136,2025-12-26,5.0,158.02,Ceramic Mug,United States,790.1
INV-101089,CUST-00137,2025-03-15,3.0,26.79,Notebook Set,Germany,80.37
INV-101090,CUST-00137,2025-03-23,2.0,41.17,Desk Lamp,United Kingdom,82.34
INV-101088,CUST-00137,2025-08-07,2.0,46.18,Smart Speaker,France,92.36
INV-101092,CUST-00138,2025-07-11,6.0,106.95,Smart Speaker,France,641.7
INV-101095,CUST-00138,2025-07-24,6.0,20.4,Premium Gift Box,United Kingdom,122.39999999999999
INV-101097,CUST-00138,2025-08-24,4.0,52.75,Premium Gift Box,Germany,211.0
INV-101093,CUST-00138,2025-09-09,6.0,63.83,Smart Speaker,United States,382.98
INV-101094,CUST-00138,2025-09-26,1.0,70.12,Reusable Bottle,United States,70.12
INV-101096,CUST-00138,2025-10-03,2.0,39.9,Desk Lamp,United States,79.8
INV-101091,CUST-00138,2025-10-09,5.0,28.68,Desk Lamp,United Kingdom,143.4
INV-101098,CUST-00138,2025-12-26,6.0,80.26,Premium Gift Box,Germany,481.56000000000006
INV-101100,CUST-00139,2025-01-15,3.0,29.43,Premium Gift Box,Germany,88.28999999999999
INV-101102,CUST-00139,2025-06-10,4.0,57.07,Reusable Bottle,France,228.28
INV-101101,CUST-00139,2025-07-20,1.0,56.79,Office Chair Mat,United States,56.79
INV-101099,CUST-00139,2025-08-20,2.0,32.44,Ceramic Mug,United States,64.88
INV-101116,CUST-00140,2025-01-13,4.0,122.74,Reusable Bottle,United States,490.96
INV-101118,CUST-00140,2025-01-29,7.0,163.57,Desk Lamp,United States,1144.99
INV-101119,CUST-00140,2025-01-29,6.0,82.55,Reusable Bottle,United Kingdom,495.29999999999995
INV-101117,CUST-00140,2025-02-27,6.0,84.99,Wireless Headphones,United States,509.93999999999994
INV-101110,CUST-00140,2025-03-29,4.0,73.38,Reusable Bottle,United States,293.52
INV-101107,CUST-00140,2025-04-16,2.0,155.14,Smart Speaker,United Kingdom,310.28
INV-101111,CUST-00140,2025-06-18,3.0,87.88,Office Chair Mat,United Kingdom,263.64
INV-101113,CUST-00140,2025-06-20,2.0,73.71,Reusable Bottle,France,147.42
INV-101104,CUST-00140,2025-06-26,6.0,101.12,Notebook Set,Canada,606.72
INV-101112,CUST-00140,2025-07-02,3.0,101.3,Smart Speaker,France,303.9
INV-101114,CUST-00140,2025-07-11,8.0,136.73,Notebook Set,United States,1093.84
INV-101108,CUST-00140,2025-07-25,2.0,147.04,Desk Lamp,United States,294.08
INV-101105,CUST-00140,2025-09-12,2.0,155.99,Wireless Headphones,United States,311.98
INV-101106,CUST-00140,2025-09-27,7.0,117.14,Smart Speaker,United States,819.98
INV-101115,CUST-00140,2025-10-01,4.0,73.51,Desk Lamp,United Kingdom,294.04
INV-101109,CUST-00140,2025-10-06,4.0,78.35,Notebook Set,France,313.4
INV-101103,CUST-00140,2025-11-09,3.0,59.36,Office Chair Mat,France,178.07999999999998
INV-101120,CUST-00140,2025-12-09,7.0,68.09,Reusable Bottle,Canada,476.63
INV-101130,CUST-00141,2025-02-19,2.0,119.22,Office Chair Mat,Canada,238.44
INV-101131,CUST-00141,2025-04-01,6.0,103.24,Office Chair Mat,United States,619.4399999999999
INV-101132,CUST-00141,2025-04-10,3.0,113.47,Office Chair Mat,Canada,340.40999999999997
INV-101129,CUST-00141,2025-05-02,5.0,93.42,Notebook Set,Germany,467.1
INV-101121,CUST-00141,2025-07-07,1.0,29.46,Ceramic Mug,Canada,29.46
INV-101125,CUST-00141,2025-07-30,2.0,24.74,Desk Lamp,Canada,49.48
INV-101123,CUST-00141,2025-08-15,5.0,80.03,Wireless Headphones,Germany,400.15
INV-101122,CUST-00141,2025-08-27,3.0,81.51,Reusable Bottle,United States,244.53000000000003
INV-101127,CUST-00141,2025-10-04,3.0,88.43,Premium Gift Box,Canada,265.29
INV-101124,CUST-00141,2025-11-28,5.0,95.2,Premium Gift Box,France,476.0
INV-101128,CUST-00141,2025-12-09,1.0,53.13,Ceramic Mug,United States,53.13
INV-101126,CUST-00141,2025-12-22,1.0,108.33,Notebook Set,United Kingdom,108.33
INV-101139,CUST-00142,2025-01-16,5.0,64.12,Smart Speaker,United States,320.6
INV-101135,CUST-00142,2025-02-23,6.0,44.89,Premium Gift Box,Germany,269.34000000000003
INV-101138,CUST-00142,2025-04-10,6.0,45.5,Notebook Set,Germany,273.0
INV-101140,CUST-00142,2025-07-16,2.0,105.65,Office Chair Mat,Canada,211.3
INV-101137,CUST-00142,2025-07-21,4.0,77.92,Reusable Bottle,United Kingdom,311.68
INV-101133,CUST-00142,2025-11-01,4.0,71.49,Smart Speaker,France,285.96
INV-101134,CUST-00142,2025-11-07,3.0,101.97,Office Chair Mat,Germany,305.90999999999997
INV-101136,CUST-00142,2025-11-25,5.0,113.63,Ceramic Mug,France,568.15
INV-101141,CUST-00142,2025-12-26,1.0,91.7,Ceramic Mug,United States,91.7
INV-101142,CUST-00143,2025-02-15,3.0,14.01,Desk Lamp,France,42.03
INV-101144,CUST-00143,2025-04-02,2.0,20.47,Notebook Set,Canada,40.94
INV-101145,CUST-00143,2025-09-27,1.0,46.75,Desk Lamp,United States,46.75
INV-101143,CUST-00143,2025-12-01,3.0,25.28,Premium Gift Box,United Kingdom,75.84
INV-101147,CUST-00144,2025-09-08,1.0,14.09,Notebook Set,Germany,14.09
INV-101146,CUST-00144,2025-11-06,4.0,32.88,Notebook Set,United Kingdom,131.52
INV-101153,CUST-00145,2025-03-02,2.0,42.62,Reusable Bottle,United States,85.24
INV-101152,CUST-00145,2025-03-31,1.0,28.5,Reusable Bottle,Canada,28.5
INV-101150,CUST-00145,2025-04-28,4.0,99.24,Office Chair Mat,United States,396.96
INV-101158,CUST-00145,2025-05-09,3.0,61.53,Office Chair Mat,United Kingdom,184.59
INV-101149,CUST-00145,2025-05-16,4.0,116.13,Reusable Bottle,Canada,464.52
INV-101154,CUST-00145,2025-06-23,5.0,116.02,Reusable Bottle,Canada,580.1
INV-101148,CUST-00145,2025-06-28,2.0,86.2,Desk Lamp,United States,172.4
INV-101151,CUST-00145,2025-07-06,3.0,27.83,Smart Speaker,France,83.49
INV-101160,CUST-00145,2025-09-09,4.0,22.01,Ceramic Mug,United Kingdom,88.04
INV-101159,CUST-00145,2025-09-23,1.0,40.66,Wireless Headphones,United Kingdom,40.66
INV-101156,CUST-00145,2025-10-12,5.0,22.33,Desk Lamp,France,111.64999999999999
INV-101157,CUST-00145,2025-11-06,1.0,85.31,Premium Gift Box,Canada,85.31
INV-101155,CUST-00145,2025-11-15,6.0,89.81,Desk Lamp,United Kingdom,538.86
INV-101163,CUST-00146,2025-02-15,4.0,26.16,Smart Speaker,Canada,104.64
INV-101161,CUST-00146,2025-07-20,4.0,82.96,Premium Gift Box,France,331.84
INV-101166,CUST-00146,2025-08-02,4.0,73.83,Premium Gift Box,United Kingdom,295.32
INV-101164,CUST-00146,2025-09-10,3.0,62.78,Wireless Headphones,United States,188.34
INV-101162,CUST-00146,2025-09-29,5.0,76.78,Office Chair Mat,United Kingdom,383.9
INV-101165,CUST-00146,2025-11-09,5.0,104.09,Smart Speaker,Germany,520.45
INV-101167,CUST-00147,2025-04-12,3.0,47.07,Premium Gift Box,United Kingdom,141.21
INV-101171,CUST-00147,2025-04-26,6.0,99.5,Wireless Headphones,Canada,597.0
INV-101173,CUST-00147,2025-05-08,1.0,115.91,Premium Gift Box,France,115.91
INV-101174,CUST-00147,2025-06-29,3.0,90.54,Smart Speaker,Canada,271.62
INV-101169,CUST-00147,2025-07-11,3.0,61.37,Premium Gift Box,Canada,184.10999999999999
INV-101170,CUST-00147,2025-07-13,2.0,63.99,Desk Lamp,Germany,127.98
INV-101168,CUST-00147,2025-09-03,5.0,82.44,Reusable Bottle,Germany,412.2
INV-101172,CUST-00147,2025-09-19,3.0,84.27,Smart Speaker,Canada,252.81
INV-101176,CUST-00147,2025-09-21,6.0,59.1,Desk Lamp,Canada,354.6
INV-101175,CUST-00147,2025-10-06,1.0,62.4,Desk Lamp,Canada,62.4
INV-101179,CUST-00148,2025-03-12,1.0,57.31,Wireless Headphones,United States,57.31
INV-101178,CUST-00148,2025-05-01,3.0,15.7,Wireless Headphones,Canada,47.099999999999994
INV-101177,CUST-00148,2025-09-27,1.0,66.3,Ceramic Mug,Canada,66.3
INV-101180,CUST-00148,2025-10-12,4.0,32.69,Desk Lamp,Canada,130.76
INV-101181,CUST-00148,2025-12-30,2.0,53.41,Smart Speaker,Canada,106.82
INV-101186,CUST-00149,2025-04-16,6.0,117.44,Notebook Set,United States,704.64
INV-101185,CUST-00149,2025-08-01,3.0,111.46,Smart Speaker,Canada,334.38
INV-101182,CUST-00149,2025-08-19,6.0,31.15,Ceramic Mug,France,186.89999999999998
INV-101183,CUST-00149,2025-11-18,4.0,61.23,Reusable Bottle,United States,244.92
INV-101187,CUST-00149,2025-12-17,4.0,104.94,Reusable Bottle,France,419.76
INV-101184,CUST-00149,2025-12-31,1.0,22.0,Reusable Bottle,France,22.0
INV-101190,CUST-00150,2025-01-20,6.0,86.99,Wireless Headphones,Canada,521.9399999999999
INV-101191,CUST-00150,2025-02-17,2.0,70.96,Notebook Set,United Kingdom,141.92
INV-101208,CUST-00150,2025-02-23,4.0,102.43,Desk Lamp,France,409.72
INV-101202,CUST-00150,2025-03-19,6.0,113.87,Smart Speaker,United Kingdom,683.22
INV-101198,CUST-00150,2025-03-25,5.0,74.41,Office Chair Mat,France,372.04999999999995
INV-101192,CUST-00150,2025-04-08,7.0,140.16,Ceramic Mug,Canada,981.12
INV-101209,CUST-00150,2025-05-16,8.0,141.51,Wireless Headphones,United Kingdom,1132.08
INV-101203,CUST-00150,2025-05-25,5.0,80.58,Notebook Set,United States,402.9
INV-101189,CUST-00150,2025-07-09,5.0,115.63,Office Chair Mat,France,578.15
INV-101194,CUST-00150,2025-07-17,8.0,118.85,Smart Speaker,France,950.8
INV-101188,CUST-00150,2025-07-31,3.0,64.23,Office Chair Mat,Germany,192.69
INV-101197,CUST-00150,2025-08-06,5.0,118.55,Notebook Set,Germany,592.75
INV-101205,CUST-00150,2025-08-22,2.0,70.06,Office Chair Mat,United Kingdom,140.12
INV-101206,CUST-00150,2025-09-05,6.0,69.0,Ceramic Mug,France,414.0
INV-101207,CUST-00150,2025-09-05,3.0,57.3,Office Chair Mat,France,171.89999999999998
INV-101200,CUST-00150,2025-09-08,5.0,117.44,Smart Speaker,France,587.2
INV-101204,CUST-00150,2025-09-17,6.0,112.19,Office Chair Mat,United Kingdom,673.14
INV-101196,CUST-00150,2025-09-19,4.0,98.45,Ceramic Mug,United States,393.8
INV-101199,CUST-00150,2025-10-29,4.0,169.6,Wireless Headphones,United States,678.4
INV-101195,CUST-00150,2025-11-04,5.0,109.06,Office Chair Mat,France,545.3
INV-101193,CUST-00150,2025-11-23,4.0,135.25,Wireless Headphones,France,541.0
INV-101201,CUST-00150,2025-11-25,2.0,167.84,Smart Speaker,Canada,335.68
INV-101210,CUST-00151,2025-05-30,1.0,76.28,Reusable Bottle,Germany,76.28
INV-101211,CUST-00151,2025-11-23,1.0,32.09,Notebook Set,Canada,32.09
INV-101212,CUST-00152,2025-11-14,3.0,17.32,Reusable Bottle,United States,51.96
INV-101221,CUST-00153,2025-01-03,8.0,102.12,Reusable Bottle,Germany,816.96
INV-101226,CUST-00153,2025-06-19,5.0,111.87,Ceramic Mug,Germany,559.35
INV-101214,CUST-00153,2025-07-27,2.0,173.77,Ceramic Mug,Canada,347.54
INV-101225,CUST-00153,2025-08-24,8.0,77.53,Office Chair Mat,United States,620.24
INV-101224,CUST-00153,2025-08-30,2.0,141.67,Ceramic Mug,United States,283.34
INV-101219,CUST-00153,2025-10-07,2.0,54.7,Desk Lamp,Canada,109.4
INV-101220,CUST-00153,2025-10-12,2.0,178.71,Notebook Set,Canada,357.42
INV-101215,CUST-00153,2025-11-09,8.0,71.59,Premium Gift Box,Canada,572.72
INV-101217,CUST-00153,2025-11-11,6.0,133.0,Notebook Set,United States,798.0
INV-101213,CUST-00153,2025-11-29,4.0,66.35,Notebook Set,United Kingdom,265.4
INV-101218,CUST-00153,2025-11-30,6.0,123.47,Notebook Set,United States,740.8199999999999
INV-101222,CUST-00153,2025-12-02,7.0,77.09,Desk Lamp,United States,539.63
INV-101216,CUST-00153,2025-12-04,6.0,52.39,Ceramic Mug,Germany,314.34000000000003
INV-101223,CUST-00153,2025-12-26,6.0,106.18,Wireless Headphones,Germany,637.08
INV-101228,CUST-00154,2025-01-03,1.0,75.08,Premium Gift Box,United Kingdom,75.08
INV-101227,CUST-00154,2025-08-05,1.0,52.86,Desk Lamp,United States,52.86
INV-101241,CUST-00155,2025-01-20,3.0,118.87,Smart Speaker,Canada,356.61
INV-101234,CUST-00155,2025-02-05,4.0,92.93,Premium Gift Box,Germany,371.72
INV-101232,CUST-00155,2025-02-06,7.0,172.83,Office Chair Mat,Canada,1209.8100000000002
INV-101238,CUST-00155,2025-04-01,6.0,169.83,Ceramic Mug,Germany,1018.98
INV-101233,CUST-00155,2025-05-08,6.0,109.8,Smart Speaker,Germany,658.8
INV-101235,CUST-00155,2025-05-12,3.0,61.74,Premium Gift Box,United Kingdom,185.22
INV-101229,CUST-00155,2025-06-09,3.0,78.83,Premium Gift Box,France,236.49
INV-101239,CUST-00155,2025-07-10,5.0,77.6,Desk Lamp,United States,388.0
INV-101230,CUST-00155,2025-07-20,8.0,142.37,Wireless Headphones,France,1138.96
INV-101242,CUST-00155,2025-07-21,6.0,159.7,Office Chair Mat,United Kingdom,958.1999999999999
INV-101236,CUST-00155,2025-08-11,6.0,159.32,Desk Lamp,Canada,955.92
INV-101237,CUST-00155,2025-08-16,2.0,104.72,Office Chair Mat,Canada,209.44
INV-101243,CUST-00155,2025-09-16,4.0,98.34,Reusable Bottle,Canada,393.36
INV-101240,CUST-00155,2025-09-26,4.0,141.87,Desk Lamp,Canada,567.48
INV-101231,CUST-00155,2025-10-12,8.0,87.51,Ceramic Mug,Canada,700.08
INV-101247,CUST-00156,2025-02-13,1.0,37.5,Notebook Set,Germany,37.5
INV-101249,CUST-00156,2025-03-10,2.0,55.44,Notebook Set,Canada,110.88
INV-101246,CUST-00156,2025-05-06,2.0,58.67,Office Chair Mat,France,117.34
INV-101248,CUST-00156,2025-05-26,2.0,22.24,Wireless Headphones,United Kingdom,44.48
INV-101244,CUST-00156,2025-07-08,4.0,59.26,Office Chair Mat,United Kingdom,237.04
INV-101245,CUST-00156,2025-07-21,3.0,18.31,Ceramic Mug,Germany,54.92999999999999
INV-101253,CUST-00157,2025-05-21,1.0,37.81,Wireless Headphones,Canada,37.81
INV-101252,CUST-00157,2025-06-18,6.0,73.93,Reusable Bottle,United Kingdom,443.58000000000004
INV-101251,CUST-00157,2025-09-23,2.0,50.97,Smart Speaker,Canada,101.94
INV-101250,CUST-00157,2025-11-05,6.0,56.95,Notebook Set,United States,341.70000000000005
INV-101254,CUST-00157,2025-11-25,5.0,103.59,Office Chair Mat,Canada,517.95
INV-101257,CUST-00158,2025-07-24,2.0,56.11,Notebook Set,Canada,112.22
INV-101255,CUST-00158,2025-11-06,1.0,32.62,Ceramic Mug,Canada,32.62
INV-101256,CUST-00158,2025-11-07,3.0,58.07,Premium Gift Box,France,174.21
INV-101261,CUST-00159,2025-03-26,3.0,63.75,Premium Gift Box,United States,191.25
INV-101259,CUST-00159,2025-04-16,1.0,74.07,Smart Speaker,Canada,74.07
INV-101260,CUST-00159,2025-06-26,2.0,67.94,Desk Lamp,France,135.88
INV-101258,CUST-00159,2025-09-11,2.0,16.68,Reusable Bottle,France,33.36
INV-101262,CUST-00160,2025-02-19,3.0,70.56,Reusable Bottle,United States,211.68
INV-101264,CUST-00160,2025-05-29,4.0,36.97,Notebook Set,France,147.88
INV-101263,CUST-00160,2025-06-25,2.0,76.57,Premium Gift Box,Germany,153.14
INV-101280,CUST-00161,2025-01-15,3.0,179.42,Smart Speaker,United States,538.26
INV-101269,CUST-00161,2025-02-23,7.0,152.42,Smart Speaker,Germany,1066.9399999999998
INV-101266,CUST-00161,2025-03-16,5.0,143.7,Reusable Bottle,Germany,718.5
INV-101278,CUST-00161,2025-05-13,2.0,47.62,Ceramic Mug,France,95.24
INV-101267,CUST-00161,2025-05-17,2.0,113.89,Notebook Set,United Kingdom,227.78
INV-101268,CUST-00161,2025-06-29,4.0,112.91,Wireless Headphones,United Kingdom,451.64
INV-101276,CUST-00161,2025-07-20,3.0,115.71,Ceramic Mug,Germany,347.13
INV-101274,CUST-00161,2025-07-25,5.0,123.42,Notebook Set,United Kingdom,617.1
INV-101273,CUST-00161,2025-08-02,8.0,117.61,Ceramic Mug,United States,940.88
INV-101279,CUST-00161,2025-08-06,4.0,107.04,Premium Gift Box,France,428.16
INV-101270,CUST-00161,2025-08-11,2.0,49.52,Premium Gift Box,United Kingdom,99.04
INV-101271,CUST-00161,2025-08-14,5.0,79.45,Notebook Set,United Kingdom,397.25
INV-101281,CUST-00161,2025-09-15,6.0,120.0,Office Chair Mat,United States,720.0
INV-101277,CUST-00161,2025-09-20,5.0,98.51,Office Chair Mat,United Kingdom,492.55
INV-101265,CUST-00161,2025-11-06,2.0,109.7,Premium Gift Box,Canada,219.4
INV-101272,CUST-00161,2025-12-20,2.0,103.74,Smart Speaker,United Kingdom,207.48
INV-101275,CUST-00161,2025-12-29,4.0,54.6,Reusable Bottle,Germany,218.4
INV-101282,CUST-00162,2025-06-12,3.0,34.43,Smart Speaker,France,103.28999999999999
INV-101284,CUST-00162,2025-08-27,2.0,46.35,Reusable Bottle,France,92.7
INV-101283,CUST-00162,2025-10-26,3.0,10.73,Reusable Bottle,Germany,32.19
INV-101290,CUST-00163,2025-03-13,6.0,81.44,Wireless Headphones,United Kingdom,488.64
INV-101291,CUST-00163,2025-04-04,6.0,39.01,Office Chair Mat,Germany,234.06
INV-101293,CUST-00163,2025-04-21,2.0,64.94,Desk Lamp,United States,129.88
INV-101295,CUST-00163,2025-04-28,3.0,117.59,Wireless Headphones,United States,352.77
INV-101287,CUST-00163,2025-06-13,4.0,47.98,Office Chair Mat,France,191.92
INV-101288,CUST-00163,2025-06-26,6.0,108.46,Wireless Headphones,Germany,650.76
INV-101286,CUST-00163,2025-07-05,2.0,92.37,Wireless Headphones,France,184.74
INV-101289,CUST-00163,2025-10-29,6.0,40.51,Wireless Headphones,United Kingdom,243.06
INV-101294,CUST-00163,2025-11-20,4.0,38.55,Premium Gift Box,United Kingdom,154.2
INV-101285,CUST-00163,2025-11-24,6.0,26.96,Ceramic Mug,France,161.76
INV-101292,CUST-00163,2025-12-09,4.0,40.25,Notebook Set,Germany,161.0
INV-101303,CUST-00164,2025-01-08,7.0,109.3,Notebook Set,Canada,765.1
INV-101309,CUST-00164,2025-01-28,3.0,174.49,Smart Speaker,France,523.47
INV-101308,CUST-00164,2025-02-28,2.0,107.8,Premium Gift Box,France,215.6
INV-101298,CUST-00164,2025-04-16,6.0,68.82,Reusable Bottle,Canada,412.91999999999996
INV-101311,CUST-00164,2025-04-18,5.0,102.09,Notebook Set,France,510.45000000000005
INV-101301,CUST-00164,2025-06-11,3.0,96.88,Office Chair Mat,France,290.64
INV-101312,CUST-00164,2025-06-12,7.0,147.19,Premium Gift Box,France,1030.33
INV-101304,CUST-00164,2025-06-22,7.0,80.55,Notebook Set,France,563.85
INV-101297,CUST-00164,2025-07-03,3.0,74.49,Premium Gift Box,France,223.46999999999997
INV-101313,CUST-00164,2025-07-13,5.0,153.93,Smart Speaker,France,769.6500000000001
INV-101296,CUST-00164,2025-07-14,3.0,46.9,Smart Speaker,United States,140.7
INV-101300,CUST-00164,2025-07-14,7.0,149.35,Smart Speaker,United Kingdom,1045.45
INV-101302,CUST-00164,2025-07-17,5.0,133.47,Smart Speaker,Germany,667.35
INV-101307,CUST-00164,2025-07-18,5.0,159.23,Smart Speaker,United Kingdom,796.15
INV-101310,CUST-00164,2025-07-26,3.0,155.29,Reusable Bottle,Germany,465.87
INV-101299,CUST-00164,2025-08-04,3.0,176.79,Smart Speaker,United Kingdom,530.37
INV-101305,CUST-00164,2025-09-09,2.0,71.43,Premium Gift Box,France,142.86
INV-101306,CUST-00164,2025-09-23,4.0,65.23,Ceramic Mug,United Kingdom,260.92
INV-101315,CUST-00165,2025-02-23,4.0,59.0,Desk Lamp,France,236.0
INV-101314,CUST-00165,2025-10-15,4.0,38.33,Wireless Headphones,France,153.32
INV-101318,CUST-00166,2025-01-02,2.0,119.43,Reusable Bottle,Germany,238.86
INV-101316,CUST-00166,2025-01-10,3.0,81.55,Office Chair Mat,United Kingdom,244.64999999999998
INV-101320,CUST-00166,2025-03-29,4.0,100.96,Notebook Set,Canada,403.84
INV-101319,CUST-00166,2025-10-21,1.0,26.53,Ceramic Mug,United Kingdom,26.53
INV-101317,CUST-00166,2025-12-17,6.0,35.63,Reusable Bottle,France,213.78000000000003
INV-101323,CUST-00167,2025-01-02,2.0,10.86,Desk Lamp,United States,21.72
INV-101322,CUST-00167,2025-04-25,4.0,59.97,Notebook Set,United Kingdom,239.88
INV-101321,CUST-00167,2025-07-23,1.0,47.31,Premium Gift Box,United States,47.31
INV-101324,CUST-00168,2025-08-11,3.0,34.1,Office Chair Mat,France,102.30000000000001
INV-101325,CUST-00168,2025-12-26,3.0,46.42,Reusable Bottle,Germany,139.26
INV-101328,CUST-00169,2025-02-24,5.0,102.42,Notebook Set,France,512.1
INV-101331,CUST-00169,2025-04-06,3.0,112.04,Office Chair Mat,France,336.12
INV-101327,CUST-00169,2025-05-20,3.0,98.79,Reusable Bottle,United Kingdom,296.37
INV-101329,CUST-00169,2025-06-14,1.0,25.89,Premium Gift Box,France,25.89
INV-101326,CUST-00169,2025-09-28,5.0,20.31,Office Chair Mat,Canada,101.55
INV-101330,CUST-00169,2025-10-19,6.0,25.88,Premium Gift Box,United Kingdom,155.28
INV-101332,CUST-00169,2025-11-24,4.0,26.76,Reusable Bottle,France,107.04
INV-101334,CUST-00170,2025-01-18,1.0,28.01,Premium Gift Box,France,28.01
INV-101333,CUST-00170,2025-12-22,3.0,8.16,Desk Lamp,United Kingdom,24.48
INV-101338,CUST-00171,2025-03-04,4.0,26.83,Ceramic Mug,Germany,107.32
INV-101337,CUST-00171,2025-03-28,3.0,71.96,Reusable Bottle,Canada,215.88
INV-101343,CUST-00171,2025-04-04,4.0,67.53,Wireless Headphones,Germany,270.12
INV-101347,CUST-00171,2025-04-12,5.0,109.63,Ceramic Mug,United States,548.15
INV-101340,CUST-00171,2025-04-24,6.0,51.39,Reusable Bottle,Germany,308.34000000000003
INV-101339,CUST-00171,2025-05-07,4.0,109.25,Wireless Headphones,United States,437.0
INV-101344,CUST-00171,2025-05-31,3.0,63.2,Ceramic Mug,United Kingdom,189.60000000000002
INV-101342,CUST-00171,2025-06-17,6.0,117.88,Smart Speaker,France,707.28
INV-101341,CUST-00171,2025-07-08,4.0,44.28,Smart Speaker,Germany,177.12
INV-101345,CUST-00171,2025-09-19,6.0,71.2,Wireless Headphones,United Kingdom,427.20000000000005
INV-101336,CUST-00171,2025-10-07,4.0,114.96,Smart Speaker,France,459.84
INV-101346,CUST-00171,2025-11-01,6.0,36.97,Premium Gift Box,Canada,221.82
INV-101335,CUST-00171,2025-11-15,1.0,76.85,Wireless Headphones,United Kingdom,76.85
INV-101348,CUST-00172,2025-01-16,3.0,32.41,Desk Lamp,United States,97.22999999999999
INV-101349,CUST-00172,2025-10-14,2.0,68.94,Premium Gift Box,France,137.88
INV-101355,CUST-00173,2025-04-04,4.0,47.31,Wireless Headphones,Germany,189.24
INV-101351,CUST-00173,2025-06-03,4.0,96.03,Ceramic Mug,United States,384.12
INV-101352,CUST-00173,2025-06-26,2.0,55.93,Smart Speaker,Canada,111.86
INV-101356,CUST-00173,2025-07-14,6.0,111.92,Premium Gift Box,Canada,671.52
INV-101353,CUST-00173,2025-07-25,4.0,95.65,Ceramic Mug,United States,382.6
INV-101357,CUST-00173,2025-08-17,3.0,36.34,Reusable Bottle,Canada,109.02000000000001
INV-101358,CUST-00173,2025-08-18,4.0,94.25,Wireless Headphones,United States,377.0
INV-101350,CUST-00173,2025-09-12,4.0,92.01,Ceramic Mug,United Kingdom,368.04
INV-101354,CUST-00173,2025-11-04,6.0,99.8,Office Chair Mat,Germany,598.8
INV-101359,CUST-00173,2025-11-07,4.0,97.52,Desk Lamp,France,390.08
INV-101360,CUST-00174,2025-01-24,1.0,5.1,Smart Speaker,Canada,5.1
INV-101361,CUST-00174,2025-09-18,1.0,13.11,Premium Gift Box,Germany,13.11
INV-101362,CUST-00174,2025-10-05,1.0,31.65,Desk Lamp,United States,31.65
INV-101371,CUST-00175,2025-02-28,4.0,85.34,Reusable Bottle,France,341.36
INV-101365,CUST-00175,2025-03-04,1.0,77.58,Desk Lamp,United Kingdom,77.58
INV-101372,CUST-00175,2025-05-05,2.0,53.43,Premium Gift Box,Germany,106.86
INV-101366,CUST-00175,2025-06-08,5.0,43.63,Office Chair Mat,United States,218.15
INV-101370,CUST-00175,2025-07-06,2.0,22.03,Premium Gift Box,United Kingdom,44.06
INV-101368,CUST-00175,2025-09-08,1.0,111.2,Reusable Bottle,Canada,111.2
INV-101367,CUST-00175,2025-09-15,3.0,24.09,Desk Lamp,United States,72.27
INV-101363,CUST-00175,2025-10-25,4.0,43.69,Ceramic Mug,United States,174.76
INV-101369,CUST-00175,2025-11-22,6.0,58.13,Notebook Set,Canada,348.78000000000003
INV-101364,CUST-00175,2025-12-21,6.0,110.2,Desk Lamp,France,661.2
INV-101377,CUST-00176,2025-02-09,3.0,167.26,Reusable Bottle,United States,501.78
INV-101381,CUST-00176,2025-02-13,6.0,151.71,Smart Speaker,United States,910.26
INV-101374,CUST-00176,2025-04-10,4.0,100.99,Desk Lamp,United States,403.96
INV-101373,CUST-00176,2025-05-01,6.0,51.07,Smart Speaker,France,306.42
INV-101380,CUST-00176,2025-05-10,7.0,175.97,Notebook Set,Canada,1231.79
INV-101376,CUST-00176,2025-05-29,3.0,133.9,Reusable Bottle,France,401.70000000000005
INV-101382,CUST-00176,2025-08-08,8.0,82.83,Desk Lamp,Germany,662.64
INV-101375,CUST-00176,2025-10-16,8.0,68.61,Office Chair Mat,United Kingdom,548.88
INV-101383,CUST-00176,2025-10-28,2.0,83.93,Office Chair Mat,Canada,167.86
INV-101379,CUST-00176,2025-11-21,6.0,117.4,Reusable Bottle,United States,704.4000000000001
INV-101378,CUST-00176,2025-12-25,6.0,50.47,Reusable Bottle,Canada,302.82
INV-101395,CUST-00177,2025-02-25,3.0,75.79,Smart Speaker,United Kingdom,227.37
INV-101387,CUST-00177,2025-03-26,3.0,65.5,Wireless Headphones,Germany,196.5
INV-101390,CUST-00177,2025-03-31,1.0,78.9,Desk Lamp,Germany,78.9
INV-101396,CUST-00177,2025-04-12,6.0,43.44,Smart Speaker,France,260.64
INV-101388,CUST-00177,2025-05-21,5.0,33.06,Notebook Set,Canada,165.3
INV-101397,CUST-00177,2025-06-14,5.0,51.71,Office Chair Mat,Germany,258.55
INV-101384,CUST-00177,2025-06-23,6.0,119.61,Office Chair Mat,Germany,717.66
INV-101391,CUST-00177,2025-06-27,6.0,32.2,Reusable Bottle,Canada,193.20000000000002
INV-101386,CUST-00177,2025-07-10,1.0,105.62,Notebook Set,United Kingdom,105.62
INV-101389,CUST-00177,2025-08-09,5.0,38.77,Notebook Set,United States,193.85000000000002
INV-101393,CUST-00177,2025-09-14,4.0,44.53,Office Chair Mat,Germany,178.12
INV-101392,CUST-00177,2025-11-20,2.0,63.12,Desk Lamp,France,126.24
INV-101385,CUST-00177,2025-11-22,1.0,55.76,Desk Lamp,France,55.76
INV-101394,CUST-00177,2025-12-01,4.0,97.34,Notebook Set,France,389.36
INV-101398,CUST-00178,2025-02-22,2.0,27.64,Wireless Headphones,United Kingdom,55.28
INV-101400,CUST-00178,2025-11-25,2.0,7.19,Ceramic Mug,United Kingdom,14.38
INV-101399,CUST-00178,2025-12-24,2.0,43.96,Smart Speaker,United Kingdom,87.92
INV-101401,CUST-00179,2025-01-05,3.0,21.0,Notebook Set,Canada,63.0
INV-101402,CUST-00179,2025-09-22,3.0,16.35,Reusable Bottle,United Kingdom,49.050000000000004
INV-101407,CUST-00180,2025-01-02,1.0,29.2,Reusable Bottle,France,29.2
INV-101403,CUST-00180,2025-07-16,2.0,14.93,Notebook Set,Germany,29.86
INV-101406,CUST-00180,2025-08-09,1.0,59.26,Smart Speaker,France,59.26
INV-101404,CUST-00180,2025-10-07,1.0,57.3,Desk Lamp,United States,57.3
INV-101405,CUST-00180,2025-11-05,3.0,63.88,Premium Gift Box,Germany,191.64000000000001
INV-101408,CUST-00180,2025-11-26,1.0,56.24,Reusable Bottle,Germany,56.24
INV-101409,CUST-00181,2025-12-18,2.0,30.91,Premium Gift Box,Canada,61.82
INV-101411,CUST-00182,2025-07-25,3.0,13.58,Desk Lamp,France,40.74
INV-101410,CUST-00182,2025-11-30,3.0,12.32,Smart Speaker,United States,36.96
INV-101414,CUST-00183,2025-01-08,3.0,63.83,Smart Speaker,United Kingdom,191.49
INV-101418,CUST-00183,2025-01-09,4.0,22.73,Notebook Set,France,90.92
INV-101416,CUST-00183,2025-02-13,4.0,44.77,Ceramic Mug,France,179.08
INV-101417,CUST-00183,2025-04-10,1.0,24.79,Ceramic Mug,United Kingdom,24.79
INV-101413,CUST-00183,2025-04-29,3.0,69.49,Office Chair Mat,Germany,208.46999999999997
INV-101415,CUST-00183,2025-06-30,2.0,55.06,Reusable Bottle,United Kingdom,110.12
INV-101412,CUST-00183,2025-12-03,4.0,15.27,Notebook Set,Germany,61.08
INV-101424,CUST-00184,2025-03-12,2.0,48.68,Premium Gift Box,United Kingdom,97.36
INV-101421,CUST-00184,2025-04-04,2.0,105.72,Reusable Bottle,United States,211.44
INV-101422,CUST-00184,2025-04-14,1.0,117.33,Ceramic Mug,France,117.33
INV-101420,CUST-00184,2025-05-11,6.0,85.17,Desk Lamp,Germany,511.02
INV-101425,CUST-00184,2025-07-11,4.0,64.66,Smart Speaker,Canada,258.64
INV-101423,CUST-00184,2025-07-28,2.0,87.52,Smart Speaker,Canada,175.04
INV-101426,CUST-00184,2025-09-19,2.0,113.86,Office Chair Mat,Germany,227.72
INV-101419,CUST-00184,2025-12-27,3.0,82.31,Desk Lamp,France,246.93
INV-101427,CUST-00185,2025-02-07,3.0,53.6,Wireless Headphones,United States,160.8
INV-101428,CUST-00185,2025-02-25,4.0,23.66,Desk Lamp,United Kingdom,94.64
INV-101430,CUST-00185,2025-09-04,3.0,55.4,Desk Lamp,France,166.2
INV-101429,CUST-00185,2025-09-26,2.0,41.3,Desk Lamp,Germany,82.6
INV-101432,CUST-00185,2025-10-28,4.0,24.05,Ceramic Mug,United Kingdom,96.2
INV-101431,CUST-00185,2025-12-12,4.0,58.28,Desk Lamp,United Kingdom,233.12
INV-101433,CUST-00185,2025-12-31,1.0,12.73,Notebook Set,United States,12.73
INV-101435,CUST-00186,2025-04-02,2.0,42.46,Ceramic Mug,France,84.92
INV-101434,CUST-00186,2025-06-07,4.0,74.29,Ceramic Mug,United States,297.16
INV-101436,CUST-00186,2025-06-14,4.0,18.84,Smart Speaker,United Kingdom,75.36
INV-101447,CUST-00187,2025-01-03,2.0,48.55,Desk Lamp,United States,97.1
INV-101441,CUST-00187,2025-03-11,6.0,107.49,Desk Lamp,Germany,644.9399999999999
INV-101439,CUST-00187,2025-04-26,5.0,65.48,Reusable Bottle,United Kingdom,327.40000000000003
INV-101437,CUST-00187,2025-08-02,5.0,108.21,Office Chair Mat,United Kingdom,541.05
INV-101442,CUST-00187,2025-09-23,5.0,50.65,Ceramic Mug,France,253.25
INV-101444,CUST-00187,2025-11-10,1.0,33.24,Wireless Headphones,Germany,33.24
INV-101438,CUST-00187,2025-11-22,6.0,35.57,Premium Gift Box,United States,213.42000000000002
INV-101440,CUST-00187,2025-12-01,3.0,60.85,Premium Gift Box,Germany,182.55
INV-101445,CUST-00187,2025-12-03,5.0,114.41,Office Chair Mat,France,572.05
INV-101446,CUST-00187,2025-12-15,3.0,93.72,Office Chair Mat,Germany,281.15999999999997
INV-101443,CUST-00187,2025-12-19,6.0,86.01,Desk Lamp,Germany,516.0600000000001
INV-101453,CUST-00188,2025-02-15,4.0,63.08,Office Chair Mat,United States,252.32
INV-101454,CUST-00188,2025-03-10,2.0,102.77,Notebook Set,United Kingdom,205.54
INV-101460,CUST-00188,2025-03-25,2.0,90.44,Smart Speaker,France,180.88
INV-101449,CUST-00188,2025-04-10,3.0,143.15,Office Chair Mat,France,429.45000000000005
INV-101452,CUST-00188,2025-07-10,8.0,104.99,Office Chair Mat,United States,839.92
INV-101450,CUST-00188,2025-07-28,4.0,135.26,Notebook Set,Canada,541.04
INV-101448,CUST-00188,2025-07-31,7.0,143.36,Wireless Headphones,Canada,1003.5200000000001
INV-101456,CUST-00188,2025-09-27,6.0,166.66,Notebook Set,Canada,999.96
INV-101461,CUST-00188,2025-10-01,3.0,126.7,Office Chair Mat,Canada,380.1
INV-101459,CUST-00188,2025-10-25,5.0,81.09,Reusable Bottle,Germany,405.45000000000005
INV-101451,CUST-00188,2025-10-31,5.0,115.86,Reusable Bottle,Germany,579.3
INV-101462,CUST-00188,2025-11-03,4.0,168.68,Wireless Headphones,United States,674.72
INV-101455,CUST-00188,2025-12-05,4.0,152.13,Notebook Set,United States,608.52
INV-101457,CUST-00188,2025-12-08,3.0,91.54,Notebook Set,Canada,274.62
INV-101458,CUST-00188,2025-12-10,5.0,65.06,Notebook Set,Canada,325.3
INV-101466,CUST-00189,2025-03-23,2.0,15.01,Desk Lamp,United States,30.02
INV-101464,CUST-00189,2025-04-27,1.0,19.18,Wireless Headphones,United States,19.18
INV-101465,CUST-00189,2025-05-13,3.0,25.79,Ceramic Mug,Canada,77.37
INV-101463,CUST-00189,2025-10-06,4.0,62.22,Reusable Bottle,Germany,248.88
INV-101467,CUST-00189,2025-12-18,3.0,53.2,Notebook Set,United States,159.60000000000002
INV-101480,CUST-00190,2025-01-20,6.0,51.89,Smart Speaker,Germany,311.34000000000003
INV-101479,CUST-00190,2025-01-29,6.0,78.53,Notebook Set,France,471.18
INV-101468,CUST-00190,2025-01-31,1.0,39.67,Ceramic Mug,Canada,39.67
INV-101472,CUST-00190,2025-02-21,4.0,112.2,Office Chair Mat,Canada,448.8
INV-101478,CUST-00190,2025-03-26,4.0,50.86,Smart Speaker,France,203.44
INV-101477,CUST-00190,2025-07-07,3.0,28.19,Office Chair Mat,United States,84.57000000000001
INV-101471,CUST-00190,2025-08-06,1.0,113.21,Desk Lamp,Canada,113.21
INV-101470,CUST-00190,2025-10-15,4.0,61.51,Smart Speaker,France,246.04
INV-101473,CUST-00190,2025-11-03,3.0,47.25,Premium Gift Box,Germany,141.75
INV-101474,CUST-00190,2025-12-01,4.0,41.43,Premium Gift Box,Germany,165.72
INV-101475,CUST-00190,2025-12-15,4.0,59.73,Smart Speaker,United Kingdom,238.92
INV-101469,CUST-00190,2025-12-21,3.0,68.25,Office Chair Mat,France,204.75
INV-101476,CUST-00190,2025-12-25,3.0,20.61,Office Chair Mat,United Kingdom,61.83
INV-101481,CUST-00191,2025-11-12,1.0,27.1,Smart Speaker,France,27.1
INV-101482,CUST-00191,2025-12-25,3.0,47.99,Desk Lamp,Canada,143.97
INV-101487,CUST-00192,2025-04-10,4.0,63.62,Notebook Set,Canada,254.48
INV-101484,CUST-00192,2025-04-28,6.0,95.8,Premium Gift Box,Canada,574.8
INV-101486,CUST-00192,2025-07-12,5.0,92.97,Wireless Headphones,Canada,464.85
INV-101489,CUST-00192,2025-08-12,6.0,62.8,Wireless Headphones,United Kingdom,376.79999999999995
INV-101483,CUST-00192,2025-10-08,2.0,38.75,Notebook Set,Canada,77.5
INV-101490,CUST-00192,2025-10-12,2.0,70.06,Reusable Bottle,Canada,140.12
INV-101488,CUST-00192,2025-10-27,4.0,88.1,Office Chair Mat,Canada,352.4
INV-101485,CUST-00192,2025-11-04,2.0,24.61,Desk Lamp,Canada,49.22
INV-101503,CUST-00193,2025-01-20,5.0,130.08,Notebook Set,Germany,650.4000000000001
INV-101505,CUST-00193,2025-02-12,3.0,149.65,Desk Lamp,France,448.95000000000005
INV-101498,CUST-00193,2025-02-15,5.0,82.12,Notebook Set,Germany,410.6
INV-101502,CUST-00193,2025-03-13,4.0,56.71,Ceramic Mug,United Kingdom,226.84
INV-101494,CUST-00193,2025-03-20,7.0,125.14,Reusable Bottle,United Kingdom,875.98
INV-101501,CUST-00193,2025-03-24,2.0,143.74,Ceramic Mug,United Kingdom,287.48
INV-101492,CUST-00193,2025-05-03,4.0,100.52,Smart Speaker,United States,402.08
INV-101506,CUST-00193,2025-05-04,8.0,84.61,Wireless Headphones,United States,676.88
INV-101509,CUST-00193,2025-06-02,6.0,119.85,Premium Gift Box,Germany,719.0999999999999
INV-101491,CUST-00193,2025-06-13,4.0,82.08,Smart Speaker,Canada,328.32
INV-101508,CUST-00193,2025-07-27,5.0,138.94,Ceramic Mug,United States,694.7
INV-101499,CUST-00193,2025-07-28,3.0,85.7,Notebook Set,Canada,257.1
INV-101493,CUST-00193,2025-08-07,7.0,100.89,Ceramic Mug,France,706.23
INV-101511,CUST-00193,2025-08-21,6.0,125.57,Ceramic Mug,Germany,753.42
INV-101496,CUST-00193,2025-09-02,6.0,54.95,Office Chair Mat,Canada,329.70000000000005
INV-101495,CUST-00193,2025-09-14,2.0,144.92,Smart Speaker,United Kingdom,289.84
INV-101507,CUST-00193,2025-10-06,3.0,130.77,Notebook Set,United States,392.31000000000006
INV-101510,CUST-00193,2025-10-12,6.0,97.31,Smart Speaker,France,583.86
INV-101500,CUST-00193,2025-11-11,2.0,63.44,Smart Speaker,Germany,126.88
INV-101504,CUST-00193,2025-12-23,5.0,113.23,Desk Lamp,United Kingdom,566.15
INV-101497,CUST-00193,2025-12-28,7.0,66.06,Wireless Headphones,United Kingdom,462.42
INV-101513,CUST-00194,2025-03-04,1.0,58.65,Office Chair Mat,United States,58.65
INV-101514,CUST-00194,2025-05-12,4.0,25.75,Reusable Bottle,United States,103.0
INV-101515,CUST-00194,2025-07-12,2.0,28.81,Smart Speaker,Germany,57.62
INV-101512,CUST-00194,2025-08-24,2.0,70.19,Ceramic Mug,France,140.38
INV-101516,CUST-00194,2025-10-19,2.0,25.46,Reusable Bottle,Canada,50.92
INV-101522,CUST-00195,2025-01-23,6.0,101.49,Desk Lamp,United States,608.9399999999999
INV-101517,CUST-00195,2025-02-11,5.0,69.88,Office Chair Mat,Germany,349.4
INV-101523,CUST-00195,2025-04-03,1.0,112.04,Smart Speaker,United Kingdom,112.04
INV-101527,CUST-00195,2025-04-15,3.0,95.77,Desk Lamp,France,287.31
INV-101519,CUST-00195,2025-04-17,6.0,107.94,Premium Gift Box,Canada,647.64
INV-101524,CUST-00195,2025-08-05,6.0,36.09,Notebook Set,Germany,216.54000000000002
INV-101526,CUST-00195,2025-08-29,6.0,68.5,Ceramic Mug,United States,411.0
INV-101518,CUST-00195,2025-09-17,6.0,107.84,Ceramic Mug,United Kingdom,647.04
INV-101525,CUST-00195,2025-09-22,4.0,67.44,Reusable Bottle,United Kingdom,269.76
INV-101520,CUST-00195,2025-11-17,2.0,41.67,Smart Speaker,Germany,83.34
INV-101521,CUST-00195,2025-11-18,2.0,58.74,Notebook Set,France,117.48
INV-101530,CUST-00196,2025-01-08,4.0,38.79,Notebook Set,France,155.16
INV-101532,CUST-00196,2025-01-26,4.0,100.07,Wireless Headphones,Canada,400.28
INV-101535,CUST-00196,2025-02-15,6.0,42.78,Reusable Bottle,United States,256.68
INV-101537,CUST-00196,2025-05-01,5.0,35.87,Smart Speaker,United Kingdom,179.35
INV-101528,CUST-00196,2025-05-05,5.0,45.09,Notebook Set,Germany,225.45000000000002
INV-101529,CUST-00196,2025-05-10,1.0,56.38,Reusable Bottle,Germany,56.38
INV-101534,CUST-00196,2025-06-03,2.0,94.18,Premium Gift Box,United States,188.36
INV-101533,CUST-00196,2025-07-12,5.0,85.56,Smart Speaker,Germany,427.8
INV-101536,CUST-00196,2025-07-27,6.0,44.3,Wireless Headphones,United States,265.79999999999995
INV-101531,CUST-00196,2025-08-14,1.0,79.52,Smart Speaker,France,79.52
INV-101538,CUST-00196,2025-12-08,3.0,44.37,Ceramic Mug,United States,133.10999999999999
INV-101542,CUST-00197,2025-06-03,2.0,42.56,Notebook Set,Canada,85.12
INV-101541,CUST-00197,2025-12-06,1.0,71.1,Desk Lamp,France,71.1
INV-101540,CUST-00197,2025-12-20,3.0,53.87,Premium Gift Box,France,161.60999999999999
INV-101539,CUST-00197,2025-12-28,1.0,32.28,Desk Lamp,Canada,32.28
INV-101543,CUST-00198,2025-03-27,3.0,46.13,Wireless Headphones,France,138.39000000000001
INV-101551,CUST-00199,2025-03-27,4.0,24.39,Ceramic Mug,Germany,97.56
INV-101553,CUST-00199,2025-04-20,5.0,43.49,Notebook Set,Germany,217.45000000000002
INV-101550,CUST-00199,2025-05-22,3.0,86.29,Ceramic Mug,United States,258.87
INV-101554,CUST-00199,2025-06-21,1.0,92.62,Ceramic Mug,Germany,92.62
INV-101552,CUST-00199,2025-07-24,4.0,85.08,Office Chair Mat,France,340.32
INV-101548,CUST-00199,2025-08-24,4.0,42.35,Premium Gift Box,France,169.4
INV-101545,CUST-00199,2025-09-11,2.0,83.31,Desk Lamp,Canada,166.62
INV-101544,CUST-00199,2025-10-11,4.0,36.06,Desk Lamp,United States,144.24
INV-101555,CUST-00199,2025-10-21,1.0,70.65,Desk Lamp,Germany,70.65
INV-101546,CUST-00199,2025-10-23,2.0,30.31,Reusable Bottle,Canada,60.62
INV-101549,CUST-00199,2025-10-31,6.0,55.32,Notebook Set,Canada,331.92
INV-101547,CUST-00199,2025-12-29,3.0,90.38,Office Chair Mat,Canada,271.14
INV-101563,CUST-00200,2025-01-19,5.0,44.07,Ceramic Mug,United Kingdom,220.35
INV-101561,CUST-00200,2025-03-22,4.0,81.5,Ceramic Mug,United Kingdom,326.0
INV-101556,CUST-00200,2025-07-06,4.0,63.74,Premium Gift Box,France,254.96
INV-101559,CUST-00200,2025-07-28,2.0,79.2,Premium Gift Box,United Kingdom,158.4
INV-101557,CUST-00200,2025-08-18,6.0,107.91,Notebook Set,Germany,647.46
INV-101562,CUST-00200,2025-08-20,6.0,39.01,Premium Gift Box,France,234.06
INV-101558,CUST-00200,2025-09-05,4.0,80.92,Office Chair Mat,Canada,323.68
INV-101564,CUST-00200,2025-10-29,2.0,59.8,Notebook Set,United States,119.6
INV-101560,CUST-00200,2025-11-21,1.0,105.16,Wireless Headphones,United Kingdom,105.16
INV-101565,CUST-00201,2025-01-02,3.0,68.14,Ceramic Mug,France,204.42000000000002
INV-101566,CUST-00201,2025-11-04,3.0,25.79,Reusable Bottle,France,77.37
INV-101568,CUST-00202,2025-06-15,1.0,29.72,Smart Speaker,Canada,29.72
INV-101567,CUST-00202,2025-07-07,2.0,10.41,Premium Gift Box,France,20.82
INV-101571,CUST-00203,2025-01-30,2.0,53.65,Premium Gift Box,United Kingdom,107.3
INV-101569,CUST-00203,2025-05-26,3.0,21.8,Wireless Headphones,Germany,65.4
INV-101574,CUST-00203,2025-06-30,3.0,25.63,Reusable Bottle,United States,76.89
INV-101575,CUST-00203,2025-07-07,2.0,34.5,Ceramic Mug,France,69.0
INV-101572,CUST-00203,2025-08-23,2.0,45.22,Desk Lamp,United States,90.44
INV-101573,CUST-00203,2025-09-15,2.0,41.69,Desk Lamp,France,83.38
INV-101570,CUST-00203,2025-11-03,4.0,20.14,Desk Lamp,United States,80.56
INV-101593,CUST-00204,2025-01-27,3.0,74.63,Desk Lamp,Canada,223.89
INV-101576,CUST-00204,2025-02-28,3.0,123.48,Notebook Set,Canada,370.44
INV-101580,CUST-00204,2025-03-02,4.0,94.19,Wireless Headphones,France,376.76
INV-101579,CUST-00204,2025-03-04,4.0,100.65,Wireless Headphones,Germany,402.6
INV-101585,CUST-00204,2025-03-07,4.0,113.85,Smart Speaker,France,455.4
INV-101583,CUST-00204,2025-03-08,4.0,48.08,Reusable Bottle,Germany,192.32
INV-101592,CUST-00204,2025-03-22,8.0,176.84,Ceramic Mug,United States,1414.72
INV-101584,CUST-00204,2025-04-05,7.0,105.82,Office Chair Mat,United Kingdom,740.74
INV-101582,CUST-00204,2025-05-25,7.0,161.35,Ceramic Mug,Canada,1129.45
INV-101591,CUST-00204,2025-06-02,2.0,104.33,Wireless Headphones,United States,208.66
INV-101578,CUST-00204,2025-06-26,7.0,101.2,Smart Speaker,France,708.4
INV-101589,CUST-00204,2025-08-05,5.0,129.06,Premium Gift Box,United States,645.3
INV-101594,CUST-00204,2025-08-22,8.0,112.5,Premium Gift Box,United Kingdom,900.0
INV-101577,CUST-00204,2025-08-23,2.0,170.97,Wireless Headphones,Canada,341.94
INV-101586,CUST-00204,2025-08-26,3.0,127.64,Office Chair Mat,Germany,382.92
INV-101587,CUST-00204,2025-08-30,8.0,60.75,Wireless Headphones,France,486.0
INV-101588,CUST-00204,2025-10-27,6.0,148.5,Reusable Bottle,United Kingdom,891.0
INV-101590,CUST-00204,2025-11-23,5.0,119.83,Office Chair Mat,Canada,599.15
INV-101581,CUST-00204,2025-12-23,5.0,138.07,Reusable Bottle,Germany,690.3499999999999
INV-101603,CUST-00205,2025-01-24,5.0,101.04,Ceramic Mug,Germany,505.20000000000005
INV-101597,CUST-00205,2025-01-27,3.0,157.72,Desk Lamp,United Kingdom,473.15999999999997
INV-101598,CUST-00205,2025-02-08,7.0,165.73,Notebook Set,Germany,1160.11
INV-101605,CUST-00205,2025-04-04,3.0,89.79,Wireless Headphones,Germany,269.37
INV-101606,CUST-00205,2025-04-15,7.0,158.02,Smart Speaker,France,1106.14
INV-101604,CUST-00205,2025-05-09,4.0,94.46,Smart Speaker,United States,377.84
INV-101596,CUST-00205,2025-05-19,2.0,88.06,Premium Gift Box,Germany,176.12
INV-101600,CUST-00205,2025-07-12,6.0,53.47,Ceramic Mug,United States,320.82
INV-101602,CUST-00205,2025-07-19,2.0,178.81,Desk Lamp,Canada,357.62
INV-101599,CUST-00205,2025-09-22,2.0,56.88,Smart Speaker,France,113.76
INV-101607,CUST-00205,2025-12-14,7.0,51.55,Ceramic Mug,United States,360.84999999999997
INV-101595,CUST-00205,2025-12-17,7.0,158.77,Ceramic Mug,Germany,1111.39
INV-101601,CUST-00205,2025-12-30,4.0,124.59,Desk Lamp,United States,498.36
INV-101613,CUST-00206,2025-04-05,1.0,87.49,Wireless Headphones,France,87.49
INV-101608,CUST-00206,2025-05-26,1.0,70.42,Reusable Bottle,Canada,70.42
INV-101609,CUST-00206,2025-07-22,4.0,58.49,Premium Gift Box,United Kingdom,233.96
INV-101611,CUST-00206,2025-09-03,1.0,73.05,Notebook Set,France,73.05
INV-101612,CUST-00206,2025-09-08,4.0,80.84,Ceramic Mug,Germany,323.36
INV-101610,CUST-00206,2025-10-04,5.0,25.43,Wireless Headphones,France,127.15
INV-101614,CUST-00207,2025-01-11,6.0,91.51,Notebook Set,Germany,549.0600000000001
INV-101618,CUST-00207,2025-01-27,3.0,54.88,Wireless Headphones,France,164.64000000000001
INV-101620,CUST-00207,2025-02-03,4.0,105.58,Notebook Set,United States,422.32
INV-101615,CUST-00207,2025-04-01,3.0,79.74,Premium Gift Box,Germany,239.21999999999997
INV-101619,CUST-00207,2025-07-20,8.0,174.96,Ceramic Mug,Germany,1399.68
INV-101624,CUST-00207,2025-07-24,8.0,45.6,Ceramic Mug,United States,364.8
INV-101621,CUST-00207,2025-08-17,6.0,84.53,Wireless Headphones,United Kingdom,507.18
INV-101616,CUST-00207,2025-10-30,7.0,106.99,Ceramic Mug,United States,748.93
INV-101617,CUST-00207,2025-10-31,6.0,52.03,Wireless Headphones,United States,312.18
INV-101622,CUST-00207,2025-11-17,5.0,120.72,Wireless Headphones,France,603.6
INV-101623,CUST-00207,2025-11-26,5.0,109.87,Wireless Headphones,Germany,549.35
INV-101627,CUST-00208,2025-05-29,3.0,22.89,Notebook Set,United Kingdom,68.67
INV-101626,CUST-00208,2025-10-18,2.0,38.35,Office Chair Mat,Germany,76.7
INV-101625,CUST-00208,2025-11-28,1.0,66.02,Wireless Headphones,France,66.02
INV-101642,CUST-00209,2025-01-17,4.0,178.13,Desk Lamp,United Kingdom,712.52
INV-101638,CUST-00209,2025-02-01,2.0,174.11,Notebook Set,Germany,348.22
INV-101639,CUST-00209,2025-02-16,6.0,161.06,Office Chair Mat,Canada,966.36
INV-101646,CUST-00209,2025-02-20,4.0,147.92,Smart Speaker,France,591.68
INV-101633,CUST-00209,2025-03-14,5.0,163.24,Office Chair Mat,France,816.2
INV-101644,CUST-00209,2025-03-21,6.0,86.46,Premium Gift Box,Canada,518.76
INV-101641,CUST-00209,2025-04-14,7.0,143.74,Ceramic Mug,Germany,1006.1800000000001
INV-101645,CUST-00209,2025-05-24,7.0,105.53,Desk Lamp,Canada,738.71
INV-101634,CUST-00209,2025-05-26,4.0,102.6,Notebook Set,Canada,410.4
INV-101632,CUST-00209,2025-07-10,6.0,79.85,Wireless Headphones,United Kingdom,479.09999999999997
INV-101630,CUST-00209,2025-07-17,8.0,113.77,Smart Speaker,Canada,910.16
INV-101628,CUST-00209,2025-07-25,6.0,63.73,Premium Gift Box,France,382.38
INV-101640,CUST-00209,2025-08-14,8.0,122.94,Office Chair Mat,France,983.52
INV-101643,CUST-00209,2025-08-16,8.0,60.16,Ceramic Mug,United Kingdom,481.28
INV-101629,CUST-00209,2025-09-16,2.0,80.28,Desk Lamp,France,160.56
INV-101631,CUST-00209,2025-10-19,5.0,155.95,Wireless Headphones,United Kingdom,779.75
INV-101635,CUST-00209,2025-10-22,8.0,123.98,Smart Speaker,Canada,991.84
INV-101636,CUST-00209,2025-11-05,8.0,94.74,Reusable Bottle,United States,757.92
INV-101637,CUST-00209,2025-12-13,7.0,162.43,Desk Lamp,United Kingdom,1137.01
INV-101651,CUST-00210,2025-01-15,1.0,29.72,Notebook Set,Canada,29.72
INV-101648,CUST-00210,2025-03-03,1.0,48.78,Wireless Headphones,Germany,48.78
INV-101649,CUST-00210,2025-04-01,3.0,33.48,Ceramic Mug,United Kingdom,100.44
INV-101650,CUST-00210,2025-08-23,3.0,79.91,Premium Gift Box,United States,239.73
INV-101647,CUST-00210,2025-09-20,4.0,26.9,Desk Lamp,United States,107.6
INV-101654,CUST-00211,2025-01-31,1.0,32.97,Notebook Set,Canada,32.97
INV-101657,CUST-00211,2025-05-26,2.0,40.64,Reusable Bottle,United Kingdom,81.28
INV-101653,CUST-00211,2025-08-28,1.0,12.8,Notebook Set,United Kingdom,12.8
INV-101658,CUST-00211,2025-08-28,3.0,61.98,Office Chair Mat,United States,185.94
INV-101652,CUST-00211,2025-10-01,4.0,54.67,Desk Lamp,Germany,218.68
INV-101655,CUST-00211,2025-11-30,4.0,70.47,Smart Speaker,United States,281.88
INV-101656,CUST-00211,2025-12-17,2.0,20.25,Ceramic Mug,France,40.5
INV-101659,CUST-00212,2025-07-22,1.0,35.05,Desk Lamp,Germany,35.05
INV-101660,CUST-00212,2025-09-02,3.0,56.61,Desk Lamp,France,169.82999999999998
INV-101661,CUST-00212,2025-10-06,2.0,33.78,Smart Speaker,United Kingdom,67.56
INV-101666,CUST-00213,2025-02-05,2.0,79.56,Reusable Bottle,United States,159.12
INV-101669,CUST-00213,2025-02-07,3.0,115.18,Reusable Bottle,United States,345.54
INV-101662,CUST-00213,2025-02-18,5.0,49.81,Premium Gift Box,United States,249.05
INV-101665,CUST-00213,2025-04-01,4.0,85.09,Smart Speaker,Germany,340.36
INV-101664,CUST-00213,2025-05-03,5.0,111.32,Ceramic Mug,Canada,556.5999999999999
INV-101668,CUST-00213,2025-05-11,1.0,34.22,Wireless Headphones,Germany,34.22
INV-101670,CUST-00213,2025-07-29,3.0,102.82,Office Chair Mat,United Kingdom,308.46
INV-101667,CUST-00213,2025-08-02,4.0,101.91,Desk Lamp,Canada,407.64
INV-101671,CUST-00213,2025-09-08,4.0,119.7,Ceramic Mug,France,478.8
INV-101663,CUST-00213,2025-12-06,5.0,94.87,Smart Speaker,United Kingdom,474.35
INV-101672,CUST-00213,2025-12-21,4.0,85.02,Premium Gift Box,Canada,340.08
INV-101675,CUST-00214,2025-02-06,4.0,23.23,Desk Lamp,United States,92.92
INV-101674,CUST-00214,2025-06-01,4.0,25.34,Office Chair Mat,Germany,101.36
INV-101678,CUST-00214,2025-07-25,2.0,78.49,Wireless Headphones,Canada,156.98
INV-101677,CUST-00214,2025-08-07,2.0,75.11,Ceramic Mug,Canada,150.22
INV-101673,CUST-00214,2025-09-14,2.0,60.51,Ceramic Mug,United States,121.02
INV-101676,CUST-00214,2025-12-11,4.0,16.02,Ceramic Mug,United Kingdom,64.08
INV-101679,CUST-00215,2025-07-27,3.0,31.85,Notebook Set,United States,95.55000000000001
INV-101680,CUST-00215,2025-09-04,2.0,12.86,Smart Speaker,Canada,25.72
INV-101684,CUST-00216,2025-02-08,2.0,64.23,Smart Speaker,United States,128.46
INV-101685,CUST-00216,2025-05-29,1.0,60.91,Desk Lamp,Canada,60.91
INV-101686,CUST-00216,2025-09-01,1.0,77.2,Notebook Set,United Kingdom,77.2
INV-101681,CUST-00216,2025-09-28,1.0,36.89,Smart Speaker,United Kingdom,36.89
INV-101683,CUST-00216,2025-11-03,1.0,25.86,Premium Gift Box,France,25.86
INV-101682,CUST-00216,2025-11-17,3.0,61.05,Premium Gift Box,United States,183.14999999999998
INV-101690,CUST-00217,2025-01-28,3.0,93.24,Premium Gift Box,United Kingdom,279.71999999999997
INV-101696,CUST-00217,2025-03-06,4.0,117.55,Desk Lamp,Germany,470.2
INV-101688,CUST-00217,2025-03-21,2.0,170.88,Wireless Headphones,United Kingdom,341.76
INV-101695,CUST-00217,2025-04-07,3.0,81.52,Reusable Bottle,United States,244.56
INV-101692,CUST-00217,2025-04-09,3.0,157.05,Wireless Headphones,Canada,471.15000000000003
INV-101689,CUST-00217,2025-05-10,8.0,155.35,Reusable Bottle,Germany,1242.8
INV-101691,CUST-00217,2025-07-23,7.0,102.64,Smart Speaker,United States,718.48
INV-101687,CUST-00217,2025-08-25,8.0,111.07,Notebook Set,Germany,888.56
INV-101693,CUST-00217,2025-10-18,2.0,66.0,Reusable Bottle,United Kingdom,132.0
INV-101694,CUST-00217,2025-11-14,4.0,155.52,Office Chair Mat,United Kingdom,622.08
INV-101703,CUST-00218,2025-01-26,5.0,58.04,Desk Lamp,Germany,290.2
INV-101708,CUST-00218,2025-01-26,4.0,164.32,Desk Lamp,France,657.28
INV-101705,CUST-00218,2025-02-02,6.0,62.32,Reusable Bottle,United States,373.92
INV-101698,CUST-00218,2025-02-09,3.0,170.77,Premium Gift Box,Canada,512.3100000000001
INV-101711,CUST-00218,2025-02-12,3.0,88.66,Notebook Set,France,265.98
INV-101709,CUST-00218,2025-03-25,8.0,64.33,Smart Speaker,Canada,514.64
INV-101707,CUST-00218,2025-03-30,2.0,45.04,Notebook Set,United States,90.08
INV-101704,CUST-00218,2025-05-11,2.0,172.5,Office Chair Mat,United States,345.0
INV-101710,CUST-00218,2025-05-17,7.0,87.2,Reusable Bottle,Germany,610.4
INV-101702,CUST-00218,2025-09-06,7.0,152.48,Notebook Set,United Kingdom,1067.36
INV-101699,CUST-00218,2025-10-28,3.0,132.2,Notebook Set,United Kingdom,396.59999999999997
INV-101700,CUST-00218,2025-11-13,2.0,137.52,Smart Speaker,United Kingdom,275.04
INV-101706,CUST-00218,2025-11-26,5.0,122.37,Smart Speaker,France,611.85
INV-101697,CUST-00218,2025-12-08,2.0,122.55,Premium Gift Box,Germany,245.1
INV-101701,CUST-00218,2025-12-16,2.0,144.89,Desk Lamp,United Kingdom,289.78
INV-101712,CUST-00219,2025-10-01,3.0,18.78,Reusable Bottle,United States,56.34
INV-101713,CUST-00219,2025-12-23,2.0,12.7,Desk Lamp,Germany,25.4
INV-101722,CUST-00220,2025-01-27,2.0,39.82,Ceramic Mug,France,79.64
INV-101723,CUST-00220,2025-02-13,5.0,54.31,Notebook Set,France,271.55
INV-101716,CUST-00220,2025-02-17,5.0,79.15,Notebook Set,United Kingdom,395.75
INV-101717,CUST-00220,2025-05-03,4.0,66.81,Smart Speaker,United States,267.24
INV-101720,CUST-00220,2025-05-15,3.0,44.96,Ceramic Mug,Canada,134.88
INV-101714,CUST-00220,2025-05-23,1.0,82.6,Desk Lamp,France,82.6
INV-101715,CUST-00220,2025-06-22,3.0,36.85,Notebook Set,Canada,110.55000000000001
INV-101719,CUST-00220,2025-07-09,2.0,34.56,Premium Gift Box,Canada,69.12
INV-101721,CUST-00220,2025-07-20,5.0,48.17,Office Chair Mat,France,240.85000000000002
INV-101718,CUST-00220,2025-08-24,1.0,118.11,Premium Gift Box,United Kingdom,118.11
INV-101725,CUST-00221,2025-04-02,3.0,80.67,Desk Lamp,Canada,242.01
INV-101729,CUST-00221,2025-05-19,5.0,65.48,Smart Speaker,France,327.40000000000003
INV-101727,CUST-00221,2025-06-14,1.0,79.99,Premium Gift Box,United Kingdom,79.99
INV-101728,CUST-00221,2025-06-14,4.0,117.16,Desk Lamp,Germany,468.64
INV-101724,CUST-00221,2025-06-26,6.0,103.96,Desk Lamp,United States,623.76
INV-101726,CUST-00221,2025-08-19,5.0,116.18,Wireless Headphones,Germany,580.9000000000001
INV-101732,CUST-00221,2025-09-12,4.0,87.04,Desk Lamp,United States,348.16
INV-101730,CUST-00221,2025-09-18,6.0,55.02,Wireless Headphones,Germany,330.12
INV-101735,CUST-00221,2025-10-03,4.0,35.62,Smart Speaker,Germany,142.48
INV-101736,CUST-00221,2025-10-22,4.0,34.8,Reusable Bottle,France,139.2
INV-101731,CUST-00221,2025-10-28,2.0,107.9,Smart Speaker,France,215.8
INV-101733,CUST-00221,2025-11-07,2.0,56.38,Reusable Bottle,Germany,112.76
INV-101734,CUST-00221,2025-11-25,2.0,113.27,Ceramic Mug,Germany,226.54
INV-101741,CUST-00222,2025-04-07,5.0,115.06,Ceramic Mug,Canada,575.3
INV-101737,CUST-00222,2025-04-26,4.0,106.27,Office Chair Mat,United States,425.08
INV-101740,CUST-00222,2025-06-16,3.0,52.43,Reusable Bottle,Germany,157.29
INV-101739,CUST-00222,2025-10-08,6.0,95.21,Notebook Set,Germany,571.26
INV-101738,CUST-00222,2025-12-30,1.0,118.22,Premium Gift Box,Germany,118.22
INV-101743,CUST-00223,2025-07-29,3.0,50.92,Office Chair Mat,Canada,152.76
INV-101742,CUST-00223,2025-09-15,3.0,52.96,Notebook Set,Canada,158.88
INV-101744,CUST-00224,2025-02-02,2.0,33.51,Smart Speaker,France,67.02
INV-101747,CUST-00225,2025-02-03,4.0,75.66,Premium Gift Box,United Kingdom,302.64
INV-101749,CUST-00225,2025-04-17,4.0,91.09,Wireless Headphones,Germany,364.36
INV-101746,CUST-00225,2025-06-21,3.0,109.73,Wireless Headphones,Canada,329.19
INV-101745,CUST-00225,2025-08-03,2.0,67.5,Premium Gift Box,France,135.0
INV-101748,CUST-00225,2025-12-11,3.0,62.92,Premium Gift Box,United States,188.76
INV-101750,CUST-00226,2025-01-29,2.0,33.22,Office Chair Mat,United States,66.44
INV-101751,CUST-00226,2025-11-07,2.0,42.6,Reusable Bottle,Germany,85.2
INV-101768,CUST-00227,2025-02-10,4.0,157.36,Smart Speaker,France,629.44
INV-101758,CUST-00227,2025-04-17,5.0,120.96,Wireless Headphones,United Kingdom,604.8
INV-101753,CUST-00227,2025-05-12,3.0,46.4,Premium Gift Box,France,139.2
INV-101769,CUST-00227,2025-05-22,6.0,93.83,Office Chair Mat,Germany,562.98
INV-101754,CUST-00227,2025-05-24,4.0,148.78,Smart Speaker,United Kingdom,595.12
INV-101763,CUST-00227,2025-05-30,3.0,83.98,Desk Lamp,France,251.94
INV-101761,CUST-00227,2025-06-03,7.0,103.67,Wireless Headphones,United States,725.69
INV-101770,CUST-00227,2025-06-15,3.0,167.01,Premium Gift Box,Canada,501.03
INV-101759,CUST-00227,2025-08-11,2.0,150.83,Office Chair Mat,United Kingdom,301.66
INV-101760,CUST-00227,2025-08-17,3.0,75.72,Premium Gift Box,Germany,227.16
INV-101772,CUST-00227,2025-08-19,7.0,95.36,Office Chair Mat,France,667.52
INV-101767,CUST-00227,2025-10-16,8.0,79.71,Smart Speaker,Canada,637.68
INV-101764,CUST-00227,2025-10-19,6.0,152.93,Reusable Bottle,United Kingdom,917.58
INV-101762,CUST-00227,2025-10-26,8.0,105.06,Reusable Bottle,Germany,840.48
INV-101756,CUST-00227,2025-10-27,8.0,54.6,Notebook Set,France,436.8
INV-101773,CUST-00227,2025-10-29,7.0,101.78,Premium Gift Box,France,712.46
INV-101771,CUST-00227,2025-11-01,8.0,146.85,Premium Gift Box,United States,1174.8
INV-101765,CUST-00227,2025-11-13,7.0,101.5,Smart Speaker,Canada,710.5
INV-101757,CUST-00227,2025-11-20,4.0,80.45,Smart Speaker,United Kingdom,321.8
INV-101752,CUST-00227,2025-12-06,6.0,87.09,Notebook Set,Canada,522.54
INV-101755,CUST-00227,2025-12-10,6.0,101.87,Desk Lamp,Germany,611.22
INV-101766,CUST-00227,2025-12-26,4.0,62.56,Premium Gift Box,United Kingdom,250.24
INV-101774,CUST-00228,2025-03-30,1.0,23.67,Reusable Bottle,Germany,23.67
INV-101775,CUST-00228,2025-11-23,4.0,48.19,Wireless Headphones,United Kingdom,192.76
INV-101778,CUST-00229,2025-02-24,3.0,67.66,Wireless Headphones,United Kingdom,202.98
INV-101776,CUST-00229,2025-06-20,3.0,62.46,Office Chair Mat,United Kingdom,187.38
INV-101777,CUST-00229,2025-09-17,1.0,73.05,Wireless Headphones,Germany,73.05
INV-101782,CUST-00230,2025-02-11,5.0,177.71,Reusable Bottle,Germany,888.5500000000001
INV-101779,CUST-00230,2025-03-03,2.0,147.41,Smart Speaker,Canada,294.82
INV-101781,CUST-00230,2025-03-24,2.0,128.17,Premium Gift Box,Germany,256.34
INV-101787,CUST-00230,2025-03-26,6.0,88.54,Notebook Set,France,531.24
INV-101785,CUST-00230,2025-04-08,7.0,53.69,Desk Lamp,United Kingdom,375.83
INV-101786,CUST-00230,2025-05-01,8.0,153.06,Office Chair Mat,France,1224.48
INV-101783,CUST-00230,2025-05-12,2.0,71.77,Premium Gift Box,France,143.54
INV-101788,CUST-00230,2025-09-09,4.0,82.19,Premium Gift Box,France,328.76
INV-101784,CUST-00230,2025-10-11,8.0,58.28,Reusable Bottle,United Kingdom,466.24
INV-101789,CUST-00230,2025-11-12,6.0,165.92,Office Chair Mat,United Kingdom,995.52
INV-101780,CUST-00230,2025-11-29,4.0,167.02,Notebook Set,France,668.08
INV-101805,CUST-00231,2025-01-03,8.0,107.77,Reusable Bottle,United Kingdom,862.16
INV-101794,CUST-00231,2025-01-18,4.0,175.6,Reusable Bottle,United States,702.4
INV-101790,CUST-00231,2025-01-19,8.0,135.18,Premium Gift Box,United Kingdom,1081.44
INV-101791,CUST-00231,2025-02-02,3.0,142.14,Notebook Set,United Kingdom,426.41999999999996
INV-101802,CUST-00231,2025-02-16,7.0,116.15,Ceramic Mug,United States,813.0500000000001
INV-101796,CUST-00231,2025-04-01,3.0,127.28,Wireless Headphones,United States,381.84000000000003
INV-101799,CUST-00231,2025-04-04,4.0,108.45,Reusable Bottle,Germany,433.8
INV-101793,CUST-00231,2025-04-28,5.0,69.72,Wireless Headphones,France,348.6
INV-101792,CUST-00231,2025-05-12,8.0,166.09,Office Chair Mat,United States,1328.72
INV-101804,CUST-00231,2025-06-15,4.0,56.83,Smart Speaker,United States,227.32
INV-101800,CUST-00231,2025-08-03,8.0,128.2,Desk Lamp,Germany,1025.6
INV-101801,CUST-00231,2025-08-26,7.0,153.18,Smart Speaker,United Kingdom,1072.26
INV-101803,CUST-00231,2025-10-11,4.0,140.56,Wireless Headphones,Germany,562.24
INV-101797,CUST-00231,2025-11-09,7.0,77.36,Notebook Set,United Kingdom,541.52
INV-101798,CUST-00231,2025-12-12,6.0,167.97,Wireless Headphones,United States,1007.8199999999999
INV-101795,CUST-00231,2025-12-18,7.0,147.56,Notebook Set,United States,1032.92
INV-101807,CUST-00232,2025-01-12,5.0,101.18,Reusable Bottle,Canada,505.90000000000003
INV-101815,CUST-00232,2025-03-23,1.0,87.9,Premium Gift Box,Germany,87.9
INV-101808,CUST-00232,2025-03-30,5.0,89.07,Desk Lamp,United Kingdom,445.34999999999997
INV-101812,CUST-00232,2025-04-26,5.0,76.44,Premium Gift Box,Canada,382.2
INV-101810,CUST-00232,2025-05-05,4.0,110.73,Premium Gift Box,Germany,442.92
INV-101811,CUST-00232,2025-06-07,3.0,61.39,Office Chair Mat,Germany,184.17000000000002
INV-101806,CUST-00232,2025-06-26,2.0,93.76,Office Chair Mat,France,187.52
INV-101818,CUST-00232,2025-07-01,5.0,104.55,Notebook Set,Germany,522.75
INV-101816,CUST-00232,2025-07-06,4.0,99.38,Ceramic Mug,United States,397.52
INV-101817,CUST-00232,2025-08-01,2.0,55.07,Desk Lamp,Canada,110.14
INV-101814,CUST-00232,2025-08-20,1.0,95.5,Office Chair Mat,Canada,95.5
INV-101813,CUST-00232,2025-08-30,5.0,90.53,Office Chair Mat,France,452.65
INV-101809,CUST-00232,2025-10-30,1.0,97.19,Wireless Headphones,Germany,97.19
INV-101819,CUST-00233,2025-10-29,2.0,12.13,Desk Lamp,Canada,24.26
INV-101823,CUST-00234,2025-02-04,4.0,45.88,Reusable Bottle,Canada,183.52
INV-101820,CUST-00234,2025-04-10,1.0,46.78,Premium Gift Box,Germany,46.78
INV-101825,CUST-00234,2025-05-23,2.0,49.72,Ceramic Mug,Canada,99.44
INV-101821,CUST-00234,2025-08-11,3.0,30.89,Office Chair Mat,United States,92.67
INV-101822,CUST-00234,2025-09-01,3.0,48.46,Ceramic Mug,United Kingdom,145.38
INV-101824,CUST-00234,2025-12-04,1.0,36.39,Reusable Bottle,United States,36.39
INV-101826,CUST-00235,2025-02-11,3.0,14.88,Reusable Bottle,Germany,44.64
INV-101827,CUST-00236,2025-01-16,4.0,79.64,Office Chair Mat,France,318.56
INV-101828,CUST-00236,2025-11-25,1.0,27.59,Notebook Set,United Kingdom,27.59
INV-101829,CUST-00237,2025-03-08,6.0,71.37,Premium Gift Box,Canada,428.22
INV-101838,CUST-00237,2025-03-21,5.0,69.25,Reusable Bottle,United States,346.25
INV-101833,CUST-00237,2025-04-15,1.0,39.51,Ceramic Mug,Germany,39.51
INV-101832,CUST-00237,2025-05-01,4.0,102.63,Desk Lamp,Canada,410.52
INV-101834,CUST-00237,2025-05-14,4.0,31.94,Desk Lamp,Canada,127.76
INV-101836,CUST-00237,2025-05-24,3.0,91.25,Ceramic Mug,France,273.75
INV-101830,CUST-00237,2025-06-13,6.0,80.16,Desk Lamp,Canada,480.96
INV-101837,CUST-00237,2025-09-20,2.0,42.35,Desk Lamp,Canada,84.7
INV-101835,CUST-00237,2025-11-05,1.0,67.78,Ceramic Mug,Canada,67.78
INV-101839,CUST-00237,2025-12-16,3.0,35.81,Desk Lamp,Germany,107.43
INV-101831,CUST-00237,2025-12-20,2.0,93.44,Smart Speaker,France,186.88
INV-101840,CUST-00238,2025-01-16,1.0,77.65,Office Chair Mat,Canada,77.65
INV-101845,CUST-00238,2025-03-06,2.0,71.7,Premium Gift Box,Germany,143.4
INV-101842,CUST-00238,2025-04-21,4.0,18.16,Ceramic Mug,France,72.64
INV-101844,CUST-00238,2025-06-18,1.0,19.69,Office Chair Mat,Germany,19.69
INV-101843,CUST-00238,2025-07-22,3.0,14.28,Ceramic Mug,France,42.839999999999996
INV-101841,CUST-00238,2025-09-05,3.0,69.31,Premium Gift Box,United Kingdom,207.93
INV-101846,CUST-00238,2025-11-12,3.0,30.46,Office Chair Mat,United Kingdom,91.38
INV-101847,CUST-00239,2025-01-16,5.0,116.42,Wireless Headphones,Canada,582.1
INV-101853,CUST-00239,2025-02-15,3.0,178.98,Wireless Headphones,Germany,536.9399999999999
INV-101858,CUST-00239,2025-03-09,8.0,80.67,Wireless Headphones,United Kingdom,645.36
INV-101849,CUST-00239,2025-03-16,8.0,162.29,Office Chair Mat,United States,1298.32
INV-101851,CUST-00239,2025-04-04,7.0,120.8,Desk Lamp,Canada,845.6
INV-101857,CUST-00239,2025-04-23,6.0,64.94,Premium Gift Box,United States,389.64
INV-101865,CUST-00239,2025-04-23,3.0,149.33,Ceramic Mug,United Kingdom,447.99
INV-101863,CUST-00239,2025-05-02,4.0,46.95,Desk Lamp,United Kingdom,187.8
INV-101860,CUST-00239,2025-05-08,8.0,106.52,Desk Lamp,Canada,852.16
INV-101862,CUST-00239,2025-05-12,7.0,55.16,Premium Gift Box,Canada,386.12
INV-101861,CUST-00239,2025-07-18,7.0,103.08,Wireless Headphones,United States,721.56
INV-101856,CUST-00239,2025-08-10,6.0,157.86,Smart Speaker,United States,947.1600000000001
INV-101850,CUST-00239,2025-09-16,5.0,46.26,Notebook Set,United Kingdom,231.29999999999998
INV-101848,CUST-00239,2025-09-23,6.0,125.27,Desk Lamp,Germany,751.62
INV-101855,CUST-00239,2025-09-25,3.0,77.37,Premium Gift Box,Canada,232.11
INV-101854,CUST-00239,2025-10-02,7.0,78.66,Desk Lamp,United Kingdom,550.62
INV-101852,CUST-00239,2025-10-31,5.0,155.33,Office Chair Mat,Germany,776.6500000000001
INV-101864,CUST-00239,2025-11-05,8.0,86.9,Notebook Set,France,695.2
INV-101859,CUST-00239,2025-12-11,5.0,94.73,Smart Speaker,Germany,473.65000000000003
INV-101873,CUST-00240,2025-01-18,5.0,59.61,Notebook Set,Germany,298.05
INV-101870,CUST-00240,2025-02-05,5.0,117.8,Desk Lamp,France,589.0
INV-101874,CUST-00240,2025-04-27,8.0,167.57,Reusable Bottle,Canada,1340.56
INV-101871,CUST-00240,2025-05-23,4.0,135.06,Smart Speaker,United States,540.24
INV-101872,CUST-00240,2025-06-07,2.0,96.03,Premium Gift Box,France,192.06
INV-101878,CUST-00240,2025-06-29,2.0,112.32,Premium Gift Box,Germany,224.64
INV-101867,CUST-00240,2025-08-12,2.0,117.29,Notebook Set,France,234.58
INV-101869,CUST-00240,2025-08-22,4.0,66.64,Wireless Headphones,Germany,266.56
INV-101866,CUST-00240,2025-08-27,6.0,152.89,Desk Lamp,United States,917.3399999999999
INV-101868,CUST-00240,2025-10-27,8.0,74.84,Smart Speaker,Germany,598.72
INV-101875,CUST-00240,2025-11-28,4.0,123.39,Reusable Bottle,France,493.56
INV-101877,CUST-00240,2025-12-05,2.0,121.84,Premium Gift Box,United Kingdom,243.68
INV-101876,CUST-00240,2025-12-08,8.0,155.54,Premium Gift Box,Canada,1244.32
INV-101883,CUST-00241,2025-01-20,2.0,72.53,Reusable Bottle,Germany,145.06
INV-101885,CUST-00241,2025-02-17,4.0,18.18,Ceramic Mug,Canada,72.72
INV-101879,CUST-00241,2025-02-24,2.0,70.01,Office Chair Mat,United States,140.02
INV-101880,CUST-00241,2025-03-30,4.0,10.71,Smart Speaker,United Kingdom,42.84
INV-101881,CUST-00241,2025-05-18,3.0,14.11,Wireless Headphones,France,42.33
INV-101882,CUST-00241,2025-11-05,2.0,62.07,Office Chair Mat,Germany,124.14
INV-101884,CUST-00241,2025-11-13,3.0,68.7,Reusable Bottle,United Kingdom,206.10000000000002
INV-101890,CUST-00242,2025-03-16,1.0,64.55,Office Chair Mat,France,64.55
INV-101891,CUST-00242,2025-03-22,3.0,37.18,Office Chair Mat,United States,111.53999999999999
INV-101889,CUST-00242,2025-04-06,1.0,39.81,Notebook Set,Canada,39.81
INV-101892,CUST-00242,2025-06-06,1.0,28.63,Notebook Set,Canada,28.63
INV-101888,CUST-00242,2025-08-20,4.0,73.86,Ceramic Mug,United States,295.44
INV-101887,CUST-00242,2025-09-28,1.0,11.44,Reusable Bottle,France,11.44
INV-101886,CUST-00242,2025-10-18,1.0,35.8,Wireless Headphones,Canada,35.8
INV-101896,CUST-00243,2025-02-12,5.0,60.31,Smart Speaker,United States,301.55
INV-101898,CUST-00243,2025-02-18,2.0,42.62,Notebook Set,United Kingdom,85.24
INV-101901,CUST-00243,2025-03-11,1.0,82.58,Premium Gift Box,Germany,82.58
INV-101893,CUST-00243,2025-07-27,1.0,104.91,Premium Gift Box,Germany,104.91
INV-101902,CUST-00243,2025-08-23,6.0,105.62,Wireless Headphones,United Kingdom,633.72
INV-101899,CUST-00243,2025-09-17,4.0,111.86,Ceramic Mug,United Kingdom,447.44
INV-101894,CUST-00243,2025-10-11,2.0,23.82,Wireless Headphones,France,47.64
INV-101903,CUST-00243,2025-10-23,2.0,77.27,Wireless Headphones,Germany,154.54
INV-101897,CUST-00243,2025-11-05,6.0,53.24,Notebook Set,France,319.44
INV-101895,CUST-00243,2025-11-13,4.0,100.82,Premium Gift Box,United Kingdom,403.28
INV-101904,CUST-00243,2025-12-01,6.0,100.04,Wireless Headphones,Canada,600.24
INV-101900,CUST-00243,2025-12-13,3.0,38.3,Wireless Headphones,United Kingdom,114.89999999999999
INV-101906,CUST-00244,2025-04-27,1.0,18.15,Wireless Headphones,Germany,18.15
INV-101908,CUST-00244,2025-07-28,1.0,47.63,Wireless Headphones,Germany,47.63
INV-101907,CUST-00244,2025-11-13,3.0,78.07,Smart Speaker,United States,234.20999999999998
INV-101905,CUST-00244,2025-11-22,1.0,34.4,Wireless Headphones,Germany,34.4
INV-101911,CUST-00245,2025-01-14,1.0,19.05,Reusable Bottle,United Kingdom,19.05
INV-101910,CUST-00245,2025-02-27,2.0,40.07,Office Chair Mat,France,80.14
INV-101912,CUST-00245,2025-08-20,4.0,15.94,Premium Gift Box,Canada,63.76
INV-101909,CUST-00245,2025-11-11,3.0,23.84,Premium Gift Box,Canada,71.52
INV-101913,CUST-00246,2025-07-10,1.0,47.84,Premium Gift Box,Canada,47.84
INV-101914,CUST-00246,2025-12-05,3.0,22.4,Smart Speaker,United Kingdom,67.19999999999999
INV-101915,CUST-00247,2025-02-20,2.0,13.92,Wireless Headphones,Canada,27.84
INV-101916,CUST-00247,2025-08-21,1.0,33.92,Smart Speaker,France,33.92
INV-101919,CUST-00247,2025-09-18,2.0,60.76,Smart Speaker,United States,121.52
INV-101917,CUST-00247,2025-12-07,1.0,27.15,Desk Lamp,France,27.15
INV-101918,CUST-00247,2025-12-30,4.0,18.17,Premium Gift Box,United Kingdom,72.68
INV-101925,CUST-00248,2025-03-09,5.0,100.47,Desk Lamp,Germany,502.35
INV-101922,CUST-00248,2025-04-24,2.0,35.67,Office Chair Mat,United Kingdom,71.34
INV-101921,CUST-00248,2025-05-08,2.0,38.32,Ceramic Mug,Canada,76.64
INV-101923,CUST-00248,2025-07-15,4.0,81.21,Smart Speaker,Germany,324.84
INV-101924,CUST-00248,2025-08-09,5.0,52.64,Smart Speaker,France,263.2
INV-101920,CUST-00248,2025-09-22,2.0,44.69,Desk Lamp,France,89.38
INV-101926,CUST-00248,2025-10-20,3.0,48.3,Office Chair Mat,Canada,144.89999999999998
INV-101932,CUST-00249,2025-01-08,3.0,59.22,Notebook Set,Germany,177.66
INV-101930,CUST-00249,2025-02-10,6.0,80.25,Smart Speaker,Germany,481.5
INV-101929,CUST-00249,2025-06-10,6.0,77.05,Desk Lamp,United States,462.29999999999995
INV-101931,CUST-00249,2025-07-17,6.0,89.85,Desk Lamp,Germany,539.0999999999999
INV-101933,CUST-00249,2025-07-29,5.0,119.06,Notebook Set,Canada,595.3
INV-101927,CUST-00249,2025-11-26,4.0,24.31,Notebook Set,United States,97.24
INV-101928,CUST-00249,2025-12-30,2.0,88.93,Reusable Bottle,United Kingdom,177.86
INV-101941,CUST-00250,2025-01-09,3.0,118.98,Wireless Headphones,Canada,356.94
INV-101939,CUST-00250,2025-02-15,2.0,68.6,Office Chair Mat,United Kingdom,137.2
INV-101938,CUST-00250,2025-03-22,4.0,103.98,Ceramic Mug,United Kingdom,415.92
INV-101936,CUST-00250,2025-05-21,4.0,39.84,Wireless Headphones,Germany,159.36
INV-101934,CUST-00250,2025-05-30,3.0,57.15,Reusable Bottle,Canada,171.45
INV-101945,CUST-00250,2025-06-25,1.0,95.0,Desk Lamp,United States,95.0
INV-101942,CUST-00250,2025-07-31,3.0,75.88,Notebook Set,United Kingdom,227.64
INV-101943,CUST-00250,2025-09-17,1.0,87.74,Notebook Set,United States,87.74
INV-101940,CUST-00250,2025-11-23,3.0,98.82,Premium Gift Box,United Kingdom,296.46
INV-101944,CUST-00250,2025-12-03,2.0,23.14,Ceramic Mug,France,46.28
INV-101935,CUST-00250,2025-12-23,1.0,72.78,Notebook Set,France,72.78
INV-101937,CUST-00250,2025-12-24,5.0,46.25,Smart Speaker,Germany,231.25
